"epoch","total cpu usage",,,,,,"dsk/total",,"net/total",,"paging",,"system",,"memory usage",,,
"epoch","usr","sys","idl","wai","hiq","siq","read","writ","recv","send","in","out","int","csw","used","buff","cach","free"
1351587633.033,11.632,11.944,73.618,0.028,0.003,2.776,30402.049,279715.718,0,0,0,0,11686.165,5407.747,106012672,155320320,88592384,2839310336
1351587663.063,0.008,0,99.992,0,0,0,0,1228.8,44.667,14.467,0,0,20.1,8.133,105881600,155328512,88596480,2839429120
1351587693.059,1.482,2.766,94.154,0.025,0,1.573,0,159334.4,519682.567,13760066.267,0,0,8484.8,3140.833,104030208,155373568,93696000,2836135936
1351587723.059,2.775,4.85,89.034,0.067,0,3.275,0,343517.867,971032.1,25710805.267,0,0,15759.3,5856.733,104071168,155430912,103755776,2825977856
1351587753.059,3.3,5.616,87.934,0.067,0,3.083,0,340377.6,962440.133,25484489.267,0,0,15632.433,5807.4,103952384,155492352,113717248,2816073728
1351587783.059,3.233,5.733,87.893,0.067,0,3.075,0,342562.133,967022.567,25605362.1,0,0,15700.167,5833.033,104407040,155549696,123744256,2805534720
1351587813.059,2.942,5.733,87.875,0.075,0,3.375,0,340514.133,964951.567,4177353153.4,0,0,15669.7,5822.4,104382464,155607040,133742592,2795503616
1351587843.059,3.133,5.582,87.877,0.067,0,3.341,0,342289.067,966732.533,25598535.667,0,0,15695.533,5831.233,104333312,155668480,143761408,2785472512
1351587873.062,3.283,5.725,87.593,0.075,0,3.325,0,341469.867,965026.967,25552635.7,0,0,15671.467,5822.833,104316928,155725824,153751552,2775441408
1351587903.062,3.241,5.799,87.735,0.058,0,3.166,0,341879.467,966416,25589346.067,0,0,15690.5,5829,104275968,155783168,163766272,2765410304
1351587933.059,3.026,6.051,87.506,0.05,0,3.367,0,342425.6,966815.333,25600608.6,0,0,15698.4,5833.6,104357888,155844608,173780992,2755252224
1351587963.059,3.183,5.999,87.335,0.075,0,3.408,0,341469.867,965186,25556586.5,0,0,15671.867,5821.533,104456192,155901952,183783424,2745094144
1351587993.059,2.833,4.775,89.118,0.075,0,3.2,0,342562.133,970472.433,4177499080.433,0,0,15753.8,5855.733,104636416,155963392,193826816,2734809088
1351588023.059,2.591,4.641,89.868,0.067,0,2.833,0,344064,973545.333,25778349.967,0,0,15798.967,5872.167,104534016,156012544,203911168,2724777984
1351588053.059,2.825,4.975,89.151,0.075,0,2.975,0,344064,972581.933,25753161.1,0,0,15785.8,5868.167,104574976,156053504,213987328,2714619904
1351588083.059,2.908,5.025,88.826,0.067,0,3.175,0,344883.2,973128.1,25766495.867,0,0,15792.367,5869.233,104722432,156102656,224075776,2704334848
1351588113.059,2.55,4.934,89.349,0.067,0,3.1,0,345565.867,977731.967,25889435.733,0,0,15864.233,5899.4,104464384,156143616,234196992,2694430720
1351588143.059,2.158,3.391,91.584,0.083,0,2.783,0,347477.333,982163.2,26007016.8,0,0,15929.933,5924.1,104521728,156196864,244371456,2684145664
1351588173.059,2.941,5.4,88.568,0.067,0,3.025,0,343654.4,969524.7,4177474017.433,0,0,15739.767,5849.733,104710144,156241920,254423040,2673860608
1351588203.059,4.791,6.066,85.768,0.1,0,3.275,0,383931.733,959924.033,25416971.067,0,0,15596.2,5801.733,106668032,156360704,264314880,2661892096
1351588233.059,3.15,5.525,88.151,0.067,0,3.108,0,342425.6,966828.733,25600915.6,0,0,15698.3,5833.733,104259584,156418048,274386944,2654171136
1351588263.059,3.225,5.817,87.692,0.067,0,3.2,0,345019.733,966532.9,25592603.533,0,0,15693.067,5830.033,104226816,156463104,284405760,2644140032
1351588293.059,3.283,5.532,87.844,0.058,0,3.283,0,341333.333,963855.2,25521820.3,0,0,15652.633,5815.867,104218624,156512256,294387712,2634117120
1351588323.059,3.141,5.625,88.026,0.067,0,3.141,0,342835.2,967869.2,4177429691.933,0,0,15712.533,5837.833,104296448,156553216,304427008,2623959040
1351588353.059,3.092,5.367,88.2,0.05,0,3.292,0,342425.6,967845.3,25627751.1,0,0,15713.667,5839.733,104251392,156602368,314454016,2613927936
1351588383.059,3.208,5.325,88.151,0.067,0,3.25,0,342562.133,967359.1,25615119.133,0,0,15704.767,5835.067,104460288,156659712,324472832,2603642880
1351588413.059,2.683,5.116,89.034,0.067,0.008,3.091,0,343108.267,970054.067,25685633.933,0,0,15747.233,5852.833,104275968,156700672,334520320,2593738752
1351588443.059,3.083,5.375,88.051,0.067,0,3.425,0,342289.067,968591.667,25646814.167,0,0,15723.067,5842.1,104349696,156749824,344555520,2583580672
1351588473.059,3.033,5.742,87.875,0.067,0,3.283,0,342152.533,967750.6,25624900.3,0,0,15712.1,5839.333,104189952,156798976,354570240,2573676544
1351588503.059,3.083,5.633,87.833,0.067,0,3.383,0,342152.533,967768.933,4177427518.633,0,0,15711.333,5837.2,104394752,156844032,364605440,2563391488
1351588533.062,3.274,5.773,87.512,0.058,0,3.382,0,341742.933,965365.567,25562389.167,0,0,15676.233,5824.9,104378368,156897280,374599680,2553360384
1351588563.062,3.133,5.575,88.033,0.067,0,3.192,0,342016,966791.933,25599432.833,0,0,15696.6,5831.267,104214528,156950528,384614400,2543456256
1351588593.062,3.075,5.542,88.408,0.058,0,2.917,0,343381.333,969412.567,25669032.933,0,0,15737.533,5849.267,104288256,156999680,394649600,2533298176
1351588623.062,3.375,5.825,87.459,0.067,0,3.275,0,343381.333,4152768290.833,25593795.333,0,0,15693.133,5831.067,104525824,157040640,404664320,2523004928
1351588653.062,2.883,5.325,88.551,0.05,0,3.191,0,341333.333,966405.933,4177390888.2,0,0,15691.867,5831.1,104374272,157085696,414674944,2513100800
1351588683.059,3.075,5.942,87.592,0.058,0,3.333,0,342835.2,966919,25602571,0,0,15698.167,5832,104443904,157138944,424701952,2502950912
1351588713.059,3.075,5.867,87.65,0.067,0,3.342,0,342425.6,967623.8,25621642.833,0,0,15710.467,5838.133,104284160,157184000,434720768,2493046784
1351588743.059,2.966,5.357,88.519,0.067,0,3.091,0,343654.4,971651.2,25728692.567,0,0,15770.233,5860.833,104452096,157229056,444792832,2482761728
1351588773.059,3.133,5.8,87.826,0.058,0,3.183,0,342835.2,968082.967,25634266.033,0,0,15717.3,5841.133,104652800,157290496,454815744,2472476672
1351588803.059,3.95,5.258,87.609,0.058,0,3.125,0,343790.933,966742.633,25597351.133,0,0,15696.267,5834.667,111857664,157339648,464871424,2455166976
1351588833.059,3.741,5.691,87.034,0.083,0,3.45,0,356761.6,964295.833,4177334814.467,0,0,15665.067,5826.067,104046592,157425664,474849280,2452914176
1351588863.059,2.675,5.342,88.817,0.058,0,3.108,0,343244.8,971695.1,25729479.9,0,0,15770.633,5861.033,104357888,157462528,484913152,2442502144
1351588893.059,3.133,5.733,87.793,0.067,0,3.275,0,342152.533,966916.567,25603372.667,0,0,15699.8,5834.3,104325120,157503488,494927872,2432479232
1351588923.059,3.325,5.425,87.984,0.067,0,3.2,0,342152.533,967156.7,25609390.833,0,0,15701.9,5833.767,104407040,157560832,504946688,2422321152
1351588953.059,3.167,5.8,87.667,0.125,0,3.242,409.6,364407.467,961739.567,25465830.133,0,0,15627.6,5844.267,105664512,157642752,514908160,2411020288
1351588983.059,3.191,5.675,87.826,0.067,0,3.241,0,342152.533,966941.1,25603096.967,0,0,15698.667,5832.367,105877504,157696000,524926976,2400735232
1351589013.059,2.942,5.258,88.683,0.083,0,3.033,0,343927.467,970595.767,4177502337.9,0,0,15755.967,5856.367,105820160,157732864,534978560,2390704128
1351589043.059,2.742,5.275,88.917,0.05,0,3.017,0,324949.333,966571.4,25593795.333,0,0,15692.467,5829.9,105775104,157782016,545005568,2380673024
1351589073.059,3.191,5.566,88.06,0.058,0.017,3.108,0,341196.8,967039.633,25606243.9,0,0,15702.067,5834.967,105734144,157839360,555020288,2370641920
1351589103.059,3.174,5.591,87.935,0.058,0,3.241,0,342152.533,967551.5,25619866.033,0,0,15707.6,5835.967,105701376,157880320,565043200,2360610816
1351589133.059,3.033,5.833,87.942,0.067,0,3.125,0,342835.2,969185.467,25663702.533,0,0,15734.333,5847.8,105775104,157929472,575078400,2350452736
1351589163.059,3.008,5.467,88.35,0.067,0,3.108,0,343381.333,970699.533,4177504234,0,0,15755.467,5854.633,105697280,157978624,585138176,2340421632
1351589193.059,3.1,5.616,87.934,0.067,0,3.283,0,342152.533,966351.033,25587874.867,0,0,15691.333,5830.9,105660416,158031872,595152896,2330390528
1351589223.062,3.266,5.749,87.727,0.067,0,3.191,0,342698.667,968092.733,25634376.567,0,0,15716.433,5839.367,105738240,158085120,605179904,2320232448
1351589253.062,3.383,5.791,87.593,0.058,0,3.175,0,341196.8,966067.167,25580471.533,0,0,15686.967,5829.2,105709568,158134272,615190528,2310201344
1351589283.059,3.092,5.3,88.332,0.058,0,3.217,0,342152.533,968187.167,25637041.767,0,0,15717.167,5840.333,105783296,158187520,625221632,2300043264
1351589313.062,3.199,5.874,87.627,0.067,0,3.233,0,342562.133,967629.567,25621652.3,0,0,15710.733,5838.633,105869312,158244864,635236352,2289885184
1351589343.062,3.283,5.799,87.46,0.058,0,3.399,0,342698.667,968407.567,4177443499.667,0,0,15720.5,5841.133,105697280,158285824,645271552,2279981056
1351589373.062,3.275,5.859,87.424,0.058,0,3.384,0,341742.933,966434.4,25590836.733,0,0,15692.833,5831.433,105791488,158334976,655286272,2269822976
1351589403.059,4.142,5.917,86.708,0.075,0,3.158,0,342152.533,960852.9,25442124.133,0,0,15607.1,5799.133,112582656,158384128,665501696,2252767232
1351589433.059,4.092,5.758,86.717,0.067,0,3.367,0,339694.933,962050.1,25473553.667,0,0,15629.433,5813.067,104632320,158486528,675221504,2250895360
1351589463.059,3.35,5.8,87.434,0.058,0,3.358,0,344200.533,965705.867,25570809.667,0,0,15680.8,5825.4,104730624,158539776,685228032,2240737280
1351589493.059,3.242,5.567,87.883,0.05,0,3.258,0,341742.933,965079.133,4177356309.8,0,0,15671.3,5823.333,104701952,158593024,695226368,2230714368
1351589523.062,3.299,5.823,87.696,0.067,0,3.116,0,341742.933,966352.333,25587273.133,0,0,15689.233,5828.633,104935424,158646272,705224704,2220429312
1351589553.062,3.3,5.75,87.767,0.058,0,3.125,0,341879.467,965267.367,25559141.167,0,0,15674.433,5824.167,105046016,158691328,715227136,2210271232
1351589583.047,1.741,2.944,93.54,0.042,0,1.733,0,228556.8,507994.3,13449627.133,0,0,8258.633,3067.967,104935424,158715904,720773120,2204811264
1351589613.047,0.008,0.008,99.983,0,0,0,0,546.133,49.533,7,0,0,21.267,10.367,104927232,158724096,720773120,2204811264
1351589643.047,0,0,100,0,0,0,0,682.667,50.867,8.4,0,0,19.767,8.267,104919040,158732288,720773120,2204811264
1351589673.059,3.572,6.229,86.585,0.017,0,3.597,0,325358.933,1015897.5,26899649.833,0,0,14909.533,3585.933,104280064,158769152,731168768,2195017728
1351589703.062,7.132,11.822,73.673,0.05,0,7.323,0,681984,1950847.633,4203459894.133,0,0,28391.767,6895,105078784,158814208,751149056,2174193664
1351589733.062,7,12.258,73.383,0.058,0,7.3,0,684714.667,1957864.967,51843714.067,0,0,28524,6903.433,104525824,158875648,771448832,2154385408
1351589763.062,6.933,12.341,73.061,0.05,0,7.616,0,685670.4,1960766.3,51920726.267,0,0,28572.7,6943.567,104497152,158941184,791982080,2133815296
1351589793.062,7.049,12.507,72.761,0.058,0,7.624,0,686489.6,1962487.6,4203767200.133,0,0,28577.1,6929.6,104660992,159010816,812318720,2113245184
1351589823.062,6.825,12.158,73.183,0.042,0,7.792,0,686489.6,1961658.8,51944724.033,0,0,28547.3,6954.967,105410560,159080448,832196608,2092548096
1351589853.062,6.882,12.264,73.232,0.058,0,7.565,0,684578.133,1960242.933,51906810.2,0,0,28562.3,6899.233,105426944,159133696,852951040,2071724032
1351589883.062,6.925,11.825,73.775,0.05,0,7.425,0,684441.6,1958740.033,4203667961.1,0,0,28533.867,6907.767,105373696,159191040,873009152,2051661824
1351589913.062,6.558,12.391,73.244,0.05,0,7.758,0,685124.267,1959776.1,51894659.967,0,0,28554.533,6935.433,105050112,159256576,893329408,2031599616
1351589943.062,7,12.025,73.45,0.05,0,7.475,0,685533.867,1960424.933,51910961.933,0,0,28568.867,6922.567,105127936,159322112,913629184,2011156480
1351589973.059,6.583,12.142,73.583,0.042,0,7.65,0,684987.733,1958247.967,4203655801.4,0,0,28527.333,6921.9,104509440,159387648,934371328,1990967296
1351590003.059,7.927,12.407,72.029,0.042,0,7.594,0,686353.067,1946869.2,51551345,0,0,28410,6682.8,111599616,159457280,954425344,1963753472
1351590033.059,7.883,12.195,72.713,0.058,0,7.151,0,643345.067,1937271.1,4203099239.867,0,0,28316.567,6673.267,105058304,159592448,974385152,1950199808
1351590063.059,6.474,12.241,73.319,0.058,0,7.908,0,688947.2,1961342.567,51936533.367,0,0,28559.2,6979.433,105500672,159649792,994709504,1929375744
1351590093.059,6.933,12.216,73.311,0.05,0,7.491,0,685670.4,1960994.7,51926845.5,0,0,28552.867,6943.633,105168896,159707136,1015037952,1909321728
1351590123.059,6.599,12.532,73.694,0.05,0,7.124,0,685124.267,1959426.367,4203686330.133,0,0,28535.433,6945,105377792,159776768,1035329536,1888751616
1351590153.059,6.883,12.166,73.277,0.058,0,7.616,0,684987.733,1959960,51898619.533,0,0,28521.9,6972.8,105316352,159817728,1055633408,1868468224
1351590183.062,6.982,12.647,72.84,0.067,0,7.465,0,685397.333,1962515.4,51967424.533,0,0,28574.367,6943.633,105242624,159887360,1075953664,1848152064
1351590213.062,6.867,12.034,73.664,0.067,0,7.367,0,686626.133,1963899.833,4203805114.667,0,0,28598.9,6962.3,105246720,159948800,1096077312,1827962880
1351590243.062,6.941,11.798,73.746,0.058,0,7.457,0,686080,1960991.967,51926355,0,0,28565.433,6943.267,105623552,160014336,1116618752,1806979072
1351590273.059,6.942,12.409,73.373,0.05,0,7.226,0,685533.867,1961355.467,51936131.067,0,0,28551,6963.967,105304064,160063488,1136951296,1786916864
1351590303.059,6.732,11.881,73.521,0.058,0,7.807,0,685943.467,1962199.233,4203760369.333,0,0,28557.3,6991.567,105586688,160124928,1157050368,1766473728
1351590333.059,6.95,11.567,73.975,0.042,0,7.467,0,684851.2,1958111.3,51850339.533,0,0,28526.6,6923.033,105291776,160194560,1177337856,1746411520
1351590363.062,6.764,11.713,73.717,0.042,0,7.764,0,685533.867,1963244.033,4203787522.8,0,0,28590.6,6983.533,105467904,160251904,1197674496,1725841408
1351590393.062,6.775,12.017,73.758,0.058,0,7.392,0,685806.933,1964224,52011685.933,0,0,28605.567,6985.4,105639936,160309248,1218015232,1705271296
1351590423.062,6.983,12.05,73.458,0.05,0,7.458,0,687035.733,1964682.167,52024400.733,0,0,28595.767,6973.567,105164800,160354304,1238380544,1685336064
1351590453.059,6.434,12.651,73.281,0.058,0,7.576,0,686626.133,1964488.467,4203821096.4,0,0,28621.067,6952.8,105095168,160423936,1258950656,1664765952
1351590483.059,6.9,12.15,73.467,0.042,0,7.442,0,685397.333,1960443.6,51912140.6,0,0,28545.333,6954.133,104792064,160473088,1279266816,1644703744
1351590513.059,6.566,12.273,73.529,0.058,0,7.574,0,686762.667,1963485.8,51992242.2,0,0,28594.9,6956.1,105218048,160534528,1299603456,1623879680
1351590543.062,7.165,11.898,73.313,0.058,0,7.565,0,687718.4,1965007.433,4203835014.667,0,0,28590.6,6989.8,105234432,160604160,1319960576,1603436544
1351590573.062,7.316,12.466,72.977,0.067,0,7.174,0,686899.2,1964132,52009798.6,0,0,28582.467,6934.433,105512960,160673792,1340309504,1582739456
1351590603.062,7.91,12.34,71.998,0.042,0.008,7.702,0,683895.467,1939222.9,51350165.7,0,0,28332.867,6609.067,111816704,160731136,1360527360,1556160512
1351590633.062,8.013,11.827,72.922,0.075,0,7.163,0,692770.133,1949313.933,4203417407.967,0,0,28303.8,7056.067,105295872,160854016,1380605952,1542479872
1351590663.062,6.833,12.366,73.069,0.067,0,7.666,0,686762.667,1961970.267,51952728.533,0,0,28443.833,7222.8,105226240,160911360,1400934400,1522163712
1351590693.062,6.775,11.925,73.317,0.058,0,7.925,0,686080,1961834.433,51949165.9,0,0,28432.067,7218.033,105254912,160960512,1421037568,1501982720
1351590723.062,7.141,11.749,73.719,0.058,0,7.333,0,685806.933,1961899.967,4203752075.4,0,0,28430.667,7222.5,105308160,161030144,1441357824,1481539584
1351590753.062,7.057,11.815,73.754,0.133,0,7.24,409.6,743970.133,1959071.667,51875424.6,0,0,28409.833,7210.533,105635840,161124352,1461886976,1460588544
1351590783.062,7.051,12.184,73.073,0.058,0,7.634,0,685670.4,1964965.033,4203833246.633,0,0,28483.633,7227.867,106405888,161177600,1482014720,1439637504
1351590813.062,7.04,12.006,73.271,0.067,0,7.615,0,686216.533,1963745.233,51999043.933,0,0,28460.7,7216.833,105463808,161239040,1502576640,1419956224
1351590843.062,6.849,11.924,73.494,0.067,0,7.666,0,687035.733,1963879.367,52003848.8,0,0,28454.367,7265.833,105611264,161275904,1522708480,1399640064
1351590873.062,6.883,11.474,74.185,0.058,0,7.399,0,685533.867,1960442.467,4203712981.433,0,0,28407.767,7223.9,105574400,161345536,1543245824,1379069952
1351590903.062,6.891,11.607,74.244,0.067,0,7.191,0,686489.6,1963387.767,51990058.733,0,0,28468.967,7214.367,105496576,161398784,1563586560,1358753792
1351590933.059,6.908,11.742,73.483,0.05,0,7.817,0,686489.6,1963481.767,51993002.533,0,0,28462.933,7214.933,105406464,161456128,1583935488,1338437632
1351590963.059,6.824,11.598,74.063,0.05,0,7.465,0,686216.533,1964805.9,4203828805.333,0,0,28463.367,7261.133,105820160,161525760,1604276224,1317613568
1351590993.059,7.142,12.158,73.2,0.058,0,7.442,0,686762.667,1965361.633,52041890.133,0,0,28482.933,7222.9,106246144,161558528,1624641536,1296789504
1351591023.062,6.833,12.074,73.686,0.05,0,7.358,0,687718.4,1966822.633,52080989.2,0,0,28483,7287.367,106090496,161628160,1644789760,1276727296
1351591053.062,6.908,12.166,73.069,0.058,0,7.799,0,687172.267,1964936.567,4203830572.667,0,0,28496.867,7237.967,106254336,161681408,1665142784,1256157184
1351591083.062,7.258,11.366,73.611,0.067,0,7.699,0,686762.667,1964138.833,52009899.667,0,0,28491.6,7219.6,105783296,161734656,1685495808,1236221952
1351591113.062,6.782,11.873,74.013,0.058,0,7.274,0,686216.533,1962192.233,4203759788.733,0,0,28466.1,7192.6,105598976,161804288,1706053632,1215778816
1351591143.062,6.725,11.458,74.1,0.075,0.008,7.633,0,685806.933,1963978.667,52006031.7,0,0,28475.333,7218.967,105603072,161869824,1726394368,1195368448
1351591173.062,7.39,12.198,73.013,0.05,0,7.349,0,685397.333,1961070.033,51926042.467,0,0,28415.733,7265.5,106041344,161935360,1746714624,1174544384
1351591203.062,8.297,11.708,72.447,0.067,0,7.481,0,686353.067,1936916.667,4203090951.967,0,0,28193.433,6875.467,112402432,161988608,1766912000,1147932672
1351591233.062,7.445,11.692,73.359,0.083,0,7.42,0,656452.267,1954412.733,51751907.767,0,0,28395.967,7056.6,105488384,162086912,1787027456,1134632960
1351591263.062,6.933,11.717,74.025,0.033,0,7.292,0,686899.2,1962608.567,51969125.567,0,0,28467.9,7202.467,105656320,162119680,1807142912,1114316800
1351591293.062,6.666,11.716,74.152,0.067,0,7.399,0,779605.333,1965108.7,4203837865.467,0,0,28491.7,7214.033,104955904,162185216,1827958784,1094135808
1351591323.062,6.841,11.999,73.536,0.033,0,7.591,0,593646.933,1966203.933,52064119.067,0,0,28467.1,7285.133,105697280,162222080,1847877632,1073438720
1351591353.062,6.783,11.166,74.135,0.042,0,7.874,0,686626.133,1963059.2,51981452.633,0,0,28469.5,7201.467,105234432,162287616,1868210176,1053503488
1351591383.062,6.983,11.742,73.7,0.058,0,7.517,0,687035.733,4153766524.133,4203829101.467,0,0,28486.367,7222.633,105762816,162357248,1888563200,1032552448
1351591413.062,7.016,11.832,73.602,0.05,0,7.499,0,686353.067,1962847.367,51975529.967,0,0,28459.867,7187.033,105689088,162414592,1908895744,1012236288
1351591443.059,7.092,11.533,74,0.05,0,7.325,0,686899.2,1964389.5,4203818718.567,0,0,28446.3,7249.533,105226240,162480128,1929482240,992047104
1351591473.059,6.892,11.85,73.708,0.042,0,7.508,0,687581.867,1966534.533,52073104.133,0,0,28474.1,7252.7,105832448,162549760,1949630464,971223040
1351591503.059,6.766,11.707,73.819,0.05,0,7.658,0,686216.533,1966682.867,52077028.933,0,0,28502.167,7219.733,105926656,162615296,1969786880,950906880
1351591533.059,6.991,11.982,73.727,0.033,0,7.266,0,686762.667,1964892.067,4203830303.533,0,0,28475.1,7202.733,105250816,162680832,1990586368,930717696
1351591563.047,3.843,6.602,85.3,0.034,0,4.222,0,481006.933,1100477.067,29140431.333,0,0,15959.833,4037.967,105865216,162734080,2002108416,918528000
1351591593.047,0.008,0.008,99.983,0,0,0,0,1774.933,73.233,7,0,0,19.533,7.833,105984000,162742272,2002108416,918401024
1351591623.047,0,0,100,0,0,0,0,546.133,100.933,8.4,0,0,22.8,10.467,105975808,162750464,2002108416,918401024
1351591653.059,4.807,7.807,83.29,0.041,0,4.055,0,429397.333,1453755.233,38493639.033,0,0,20054.3,478.267,104886272,162795520,2017120256,904433664
1351591683.062,8.129,13.943,71.156,0.098,0,6.673,0,888422.4,2546009.7,4219220137.633,0,0,35021,404.7,105099264,162869248,2043244544,878022656
1351591713.063,7.899,14.088,71.063,0.09,0,6.86,0,889378.133,2551095,67552713.2,0,0,35074.233,370.733,105426944,162942976,2069889024,850976768
1351591743.062,8.21,13.874,70.811,0.082,0,7.023,0,889787.733,2554268.833,4219437770.733,0,0,35106.4,403.2,105213952,163016704,2096582656,824422400
1351591773.062,8.132,13.929,71.208,0.09,0.008,6.632,0,891016.533,2554314.8,67637930.867,0,0,35096,373.267,105312256,163090432,2122821632,798011392
1351591803.062,10.144,14.014,69.217,0.098,0,6.527,1228.8,892108.8,2552138,67581047.667,0,0,35070.5,386.367,119312384,163180544,2149326848,757415936
1351591833.062,30.902,14.252,47.217,0.082,0,7.547,0,780834.133,2156256.833,4208897767.433,0,0,31091.533,270.167,112275456,163315712,2171584512,742060032
1351591863.062,16.977,13.992,61.913,0.066,0,7.053,0,821384.533,2382978.633,63100998.267,0,0,33360.633,335.667,105472000,163389440,2196422656,723951616
1351591893.062,8.104,13.949,71.308,0.09,0.008,6.541,0,893064.533,2555428.5,4219469848.167,0,0,35107.833,375.933,105611264,163463168,2222874624,697286656
1351591923.062,8.34,13.704,71.047,0.065,0,6.844,0,892381.867,2557985.367,67735088.9,0,0,35150.867,378.933,105680896,163540992,2249383936,670629888
1351591953.059,8.285,13.857,70.95,0.09,0,6.818,0,890743.467,2557234.833,4219516764.6,0,0,35130.633,360.8,105566208,163610624,2275966976,644091904
1351591983.062,8.248,13.763,70.87,0.098,0.008,7.013,0,891699.2,2555601.733,67671698.833,0,0,35129.067,395.067,105791488,163684352,2302300160,617459712
1351592013.059,8.108,14.031,71.014,0.082,0,6.766,0,892381.867,2554936.133,4219456429.867,0,0,35111.2,385.533,106037248,163762176,2328768512,590667776
1351592043.063,8.447,13.629,70.811,0.082,0,7.031,0,892108.8,2559182.467,67767315.267,0,0,35150.1,385.067,105734144,163831808,2355286016,564383744
1351592073.059,8.217,13.945,70.865,0.082,0,6.891,0,893064.533,2557380.667,4219519981.933,0,0,35123.333,384.033,105721856,163905536,2381922304,537686016
1351592103.059,8.344,13.787,71.213,0.049,0,6.607,0,892381.867,2558087.6,67737846.4,0,0,35145.633,381.867,105816064,163983360,2408415232,511021056
1351592133.059,8.069,13.954,71.135,0.065,0,6.776,0,893064.533,2561049.3,4219618263.567,0,0,35170.8,371.5,105598976,164057088,2434969600,484610048
1351592163.059,8.382,13.761,71.349,0.065,0,6.442,0,891426.133,2558993.967,67761351.767,0,0,35148.667,391.967,105844736,164126720,2461319168,457945088
1351592193.063,8.429,13.62,70.888,0.09,0,6.974,0,892108.8,2557674.333,4219528619.4,0,0,35131.567,383.633,106078208,164200448,2487803904,431153152
1351592223.062,8.284,13.823,71.018,0.082,0.008,6.785,0,893883.733,2563221.133,67874483.467,0,0,35194.267,361.8,105746432,164270080,2514358272,404860928
1351592253.062,8.179,14.133,70.843,0.074,0,6.772,0,894429.867,2557116.367,67711979.533,0,0,35135.867,384.667,105951232,164343808,2540871680,378068992
1351592283.059,8.38,13.699,71.047,0.074,0,6.8,0,893337.6,2558213.3,4219542842.567,0,0,35135.9,383.167,106049536,164417536,2567356416,351412224
1351592313.063,8.113,14.108,71.326,0.074,0,6.379,0,893201.067,2562342.267,67850503.233,0,0,35191.9,362.6,105816064,164495360,2594050048,324874240
1351592343.063,8.286,13.843,71.109,0.082,0,6.68,0,892654.933,2558362.833,4219546286.333,0,0,35142.867,370.933,106033152,164569088,2620551168,298082304
1351592373.062,8.4,13.775,70.966,0.107,0,6.752,0,893064.533,2563840.967,67890111.533,0,0,35193.367,352.467,106491904,164638720,2646814720,271290368
1351592403.062,9.634,13.785,69.562,0.09,0,6.929,0,893201.067,2528377.033,4218752119.833,0,0,34839.167,377.9,114253824,164716544,2673299456,236965888
1351592433.062,8.704,13.686,70.926,0.09,0,6.594,0,868215.467,2551641.833,67567292.933,0,0,35072.333,402.433,107446272,164859904,2699612160,217317376
1351592463.062,8.252,13.788,70.837,0.09,0,7.033,0,892108.8,2557153.467,4219514642.767,0,0,35136.8,384.1,108204032,164921344,2726092800,190017536
1351592493.062,8.188,13.898,70.92,0.115,0.008,6.871,0,894566.4,2561264.667,67822463.567,0,0,35161.467,368.833,108253184,164986880,2752634880,163360768
1351592523.062,8.028,14.078,71.166,0.057,0.008,6.663,0,892245.333,2557438.333,4219522289.367,0,0,35137.033,386.167,108605440,165048320,2779140096,136441856
1351592553.062,8.335,13.952,70.859,0.147,0,6.706,409.6,974711.467,2555332.6,67664699.433,0,0,35106.1,421.933,109350912,165134336,2805608448,109142016
1351592583.062,8.114,13.738,70.886,0.467,0,6.795,273066.667,875042.133,2512435.233,4218330305.567,0,0,34588.433,449.433,108978176,161869824,2825625600,92762112
1351592613.062,8.476,13.765,70.835,0.082,0.008,6.833,0,892108.8,2556696.1,67701753.267,0,0,35124.333,386.8,109047808,156438528,2830860288,92889088
1351592643.062,8.31,13.766,71.16,0.155,0,6.609,0,890743.467,2553749.167,4219424583.167,0,0,35093.367,395.4,109285376,151269376,2835664896,93016064
1351592673.059,8.16,13.956,70.82,0.082,0,6.982,0,890743.467,2554920,67654606.633,0,0,35099.467,375,109203456,146100224,2841677824,92254208
1351592703.059,8.238,13.793,71.376,0.082,0.008,6.504,0,893064.533,2558501.267,4219549416.167,0,0,35143.8,384.533,109694976,140935168,2846699520,91906048
1351592733.063,8.442,13.663,70.949,0.09,0,6.856,0,892108.8,2557437.133,67720714.067,0,0,35127.433,387.067,109481984,135503872,2851667968,92581888
1351592763.062,8.368,13.887,71.006,0.074,0,6.665,0,893201.067,2557813.5,4219532542,0,0,35138.867,394.633,109379584,130334720,2856685568,92835840
1351592793.062,8.275,13.898,70.838,0.082,0,6.908,0,889378.133,2553247.4,67609494,0,0,35093.2,401.567,109707264,124907520,2861649920,92971008
1351592823.059,7.937,14.153,71.087,0.082,0,6.741,0,892381.867,2559206.767,67767672.333,0,0,35148.733,388.2,109645824,123539456,2862858240,93192192
1351592853.063,8.352,13.718,71.076,0.09,0,6.765,0,892654.933,2556580.2,4219499478.333,0,0,35128,399.333,108986368,123604992,2862563328,94081024
1351592883.059,8.324,13.596,71.122,0.074,0.008,6.876,0,891153.067,2556136.367,67686792.867,0,0,35117.7,387.733,109764608,123674624,2862096384,93700096
1351592913.062,8.206,13.815,70.838,0.074,0.008,7.059,0,892381.867,2557358.333,4219519929.767,0,0,35137.967,395.033,109776896,123731968,2862407680,93319168
1351592943.062,8.35,13.679,71.161,0.098,0,6.713,0,892654.933,2559293.2,67770141.1,0,0,35151.033,372.667,109686784,123797504,2861924352,93827072
1351592973.062,8.104,13.886,70.821,0.082,0,7.107,0,891153.067,2555023.533,4219457318.133,0,0,35106.367,399.433,109752320,123867136,2861662208,93954048
1351593003.059,9.465,13.879,69.41,0.229,0,7.017,10103.467,890743.467,2526992.033,66914838.567,0,0,34821.567,385.033,116908032,123924480,2856648704,91754496
1351593033.059,8.752,13.886,70.436,0.164,0,6.763,13107.2,850329.6,2537126.367,4218984366.7,0,0,34933.967,394.133,109441024,124063744,2861658112,94072832
1351593063.062,8.328,13.863,71.012,0.106,0.008,6.682,273.067,894156.8,2555886.333,67679398.3,0,0,35120.533,375.7,109776896,124137472,2862137344,93184000
1351593093.062,8.234,13.888,71.143,0.09,0.008,6.637,0,894566.4,2566128.2,4219752278.967,0,0,35224.533,355.467,109412352,124207104,2862297088,93319168
1351593123.062,8.077,13.993,70.925,0.106,0,6.899,0,891289.6,2553464,67615415.967,0,0,35100.233,386.133,109228032,124264448,2863136768,92606464
1351593153.062,8.32,13.867,71.022,0.139,0,6.651,0,893064.533,2560416.167,4219601570.267,0,0,35163.733,372.3,109744128,124329984,2863951872,91209728
1351593183.059,8.339,13.884,70.913,0.082,0.008,6.774,0,891016.533,2552975.133,67602670.567,0,0,35095.533,379.667,109645824,124399616,2861821952,93368320
1351593213.062,8.304,13.938,70.936,0.066,0,6.756,0,892245.333,4154360580,4219560018.3,0,0,35155.5,376.433,109342720,124469248,2863198208,92225536
1351593243.059,8.15,13.861,70.657,0.074,0.008,7.25,0,891972.267,2555609.833,67672486.167,0,0,35128.7,373.367,110202880,124526592,2860572672,93933568
1351593273.062,8.283,13.952,70.932,0.09,0,6.743,0,891562.667,2558506.6,4219551267.733,0,0,35133.3,380.833,109662208,124596224,2860789760,94187520
1351593303.062,8.443,13.646,71.095,0.09,0,6.725,0,892108.8,2555175.467,67660489.167,0,0,35116.6,376.633,110018560,124661760,2861637632,92917760
1351593333.062,8.303,13.73,71.139,0.09,0,6.738,0,891289.6,2555656.8,67673864.2,0,0,35109.867,383.767,109395968,124719104,2861916160,93204480
1351593363.059,8.277,13.874,70.81,0.082,0,6.957,0,890606.933,2551360.7,4219361156.267,0,0,35061.3,388.067,109617152,124788736,2861625344,93204480
1351593393.059,8.453,13.848,70.956,0.082,0.008,6.654,0,889924.267,2552026.033,67577780.6,0,0,35093.667,394.5,109453312,124854272,2861088768,93839360
1351593423.062,8.37,13.799,70.969,0.09,0,6.773,0,891016.533,2554252.867,4219438356.267,0,0,35113.9,386.3,109764608,124911616,2860883968,93675520
1351593453.062,8.346,13.875,71.087,0.106,0,6.585,0,893474.133,2560006.633,67788716.033,0,0,35164.3,375.033,109617152,124977152,2860331008,94310400
1351593483.059,8.204,13.764,71.121,0.074,0,6.837,0,891426.133,2556116.4,4219487921.067,0,0,35119.133,387.533,109649920,125046784,2860101632,94437376
1351593513.059,8.324,13.705,70.873,0.074,0.008,7.016,0,891835.733,2556220.467,67688291.067,0,0,35125.5,387.3,109625344,125112320,2860892160,93605888
1351593543.062,4.405,7.308,84.546,0.042,0,3.7,0,582178.133,1324505.967,4186875159.667,0,0,18207.667,211.433,109674496,125149184,2861060096,93351936
1351593573.062,0,0.008,99.992,0,0,0,0,1638.4,38.2,7,0,0,19.7,8.233,109666304,125157376,2861060096,93351936
1351593603.062,0.846,0.041,99.039,0.074,0,0,955.733,546.133,42.2,8.4,0,0,49.433,15.667,117665792,125186048,2853715968,92667904
1351593633.063,5.03,8.051,83.84,0.05,0,3.03,0,466807.467,1451485.333,38432897.333,0,0,19746.7,189.4,108044288,125317120,2864181248,91693056
1351593663.059,8.52,14.181,72.153,0.091,0,5.054,0,906308.267,2596846.667,68765363.867,0,0,35277.567,136,108785664,125382656,2860818432,94248960
1351593693.059,8.142,14.607,72.222,0.075,0,4.955,0,908902.4,2606524.167,4220821821.5,0,0,35371,134.733,108519424,125452288,2863116288,92147712
1351593723.059,8.244,14.49,72.365,0.083,0,4.819,0,909585.067,2610043.3,69113988.433,0,0,35403.2,133.567,109232128,125509632,2860331008,94162944
1351593753.062,8.31,14.351,72.071,0.083,0.008,5.177,0,908629.333,2606197.167,4220813631.533,0,0,35375.333,138.467,109043712,125579264,2860838912,93773824
1351593783.062,8.299,14.352,71.992,0.091,0,5.265,0,910404.267,2610180.333,69117250.3,0,0,35413.933,134.3,109105152,125644800,2862661632,91824128
1351593813.059,8.372,14.501,72.061,0.092,0,4.973,0,909858.133,2607532.133,4220848955.233,0,0,35390.533,134.033,109441024,125706240,2860486656,93601792
1351593843.062,8.406,14.21,72.389,0.074,0.008,4.913,0,910267.733,2610199.533,69117555.2,0,0,35393.933,136.4,109158400,125775872,2863239168,91062272
1351593873.063,8.492,14.275,72.264,0.083,0,4.886,0,910813.867,2612424.5,4220978518.367,0,0,35417.8,133.2,109039616,125841408,2861314048,93040640
1351593903.063,8.441,14.184,72.222,0.091,0.008,5.054,0,906717.867,2598619.3,68811541.367,0,0,35311.733,127.4,108670976,125902848,2862256128,92405760
1351593933.063,8.324,14.308,72.222,0.091,0,5.054,0,906308.267,2601010.6,4220677256.533,0,0,35343.667,134.467,108945408,125968384,2860900352,93421568
1351593963.063,8.537,14.164,72.03,0.083,0,5.185,0,910540.8,2611368.4,69148944.633,0,0,35418.2,131.233,109076480,126038016,2861522944,92598272
1351593993.063,8.433,14.273,71.968,0.091,0,5.235,0,911360,2612792.567,4220987709.467,0,0,35436.8,134.267,109506560,126095360,2859257856,94375936
1351594023.063,8.342,14.497,71.987,0.083,0,5.09,0,911223.467,2613369.667,69201775.667,0,0,35441.1,132.667,108101632,126169088,2862383104,92581888
1351594053.062,8.378,14.193,72.294,0.108,0.008,5.019,0,910540.8,2609362.033,4220897539.333,0,0,35405.567,132.9,109228032,126238720,2858835968,94932992
1351594083.063,8.453,14.286,71.911,0.092,0,5.258,0,911496.533,2614490.1,69231895.533,0,0,35468,135.267,108527616,126300160,2861244416,93163520
1351594113.059,8.328,14.177,72.045,0.091,0,5.359,0,913408,2618081.833,4221128795.6,0,0,35474.833,137.367,108875776,126365696,2862608384,91385856
1351594143.063,8.459,14.243,72.054,0.075,0,5.169,0,911906.133,2617064.267,69299433.667,0,0,35465.967,133.5,109121536,126435328,2859696128,93982720
1351594173.059,8.226,14.516,72.057,0.1,0,5.102,0,912315.733,2615976.333,4221072902.867,0,0,35461.2,135.133,108773376,126500864,2862772224,91189248
1351594203.062,9.567,14.117,70.96,0.083,0,5.273,0,910404.267,2600058.6,68849576.7,0,0,35334.133,136.133,116867072,126558208,2851487744,94322688
1351594233.059,9,14.241,71.785,0.083,0,4.891,0,857019.733,2608886.3,69082792.1,0,0,35400.167,143.8,108834816,126701568,2861105152,92594176
1351594263.063,8.458,14.315,72.242,0.1,0.008,4.877,0,912042.667,2614053.967,4221021773.567,0,0,35444.8,130.3,108929024,126758912,2859905024,93642752
1351594293.062,8.557,14.098,72.011,0.108,0,5.226,0,945220.267,2605927.333,69004794.4,0,0,35385.033,133.567,108285952,126828544,2861486080,92635136
1351594323.063,8.421,14.62,72.147,0.084,0,4.728,0,912179.2,2615015.9,4221047392,0,0,35440,133.833,108527616,126894080,2862448640,91365376
1351594353.063,8.583,14.407,72.02,0.157,0,4.833,409.6,958464,2608979.467,69085296.9,0,0,35389.467,177.433,108437504,127012864,2861305856,92479488
1351594383.062,8.454,14.286,72.366,0.083,0.008,4.803,0,915592.533,2614974.233,4221046605.367,0,0,35438.567,134.133,109260800,127070208,2858012672,94892032
1351594413.063,8.574,14.156,72.069,0.1,0,5.101,0,912179.2,2615645.133,69261664.3,0,0,35450.833,135.667,108175360,127139840,2862329856,91590656
1351594443.063,8.188,14.632,72.164,0.091,0.008,4.916,0,912452.267,2613706.533,4221013167.467,0,0,35439.433,134.967,108789760,127213568,2859601920,93630464
1351594473.062,8.483,14.398,72.092,0.066,0.008,4.952,0,910540.8,2611358.033,69148800.867,0,0,35427.267,135.5,108548096,127270912,2862071808,91344896
1351594503.062,8.551,14.302,72.16,0.083,0,4.903,0,907810.133,2601949.3,4220700415.167,0,0,35344,129.433,108769280,127340544,2859368448,93757440
1351594533.062,8.589,14.143,72.42,0.108,0,4.739,0,905625.6,2596277.433,68749329.267,0,0,35265.267,132.733,108544000,127406080,2860036096,93249536
1351594563.063,8.495,14.388,72.155,0.091,0,4.871,0,907537.067,2606091.633,4220811405.367,0,0,35381.3,130.733,108470272,127467520,2861666304,91631616
1351594593.062,8.536,14.227,71.804,0.117,0.008,5.307,0,910404.267,2610379.467,69122625.433,0,0,35412.733,135.167,108634112,127533056,2861850624,91217920
1351594623.063,8.271,14.374,72.393,0.091,0,4.871,0,908083.2,2603141.367,4220732758.8,0,0,35345.367,130.933,108888064,127602688,2859241472,93503488
1351594653.062,8.443,14.287,71.991,0.125,0.008,5.147,0,909994.667,2609674.067,69104404.533,0,0,35418.733,136.2,109449216,127660032,2857480192,94646272
1351594683.062,8.616,14.126,72.047,0.092,0,5.119,0,913134.933,2617363.767,4221109250.8,0,0,35463.467,133.7,108597248,127729664,2859151360,93757440
1351594713.062,8.486,14.338,72.155,0.075,0,4.946,0,912315.733,2616413.4,69281860.033,0,0,35472.333,135.2,108605440,127795200,2861371392,91463680
1351594743.063,8.603,14.109,72.154,0.116,0,5.018,0,913271.467,2617413.933,4221111501.267,0,0,35479.533,134.333,108437504,127856640,2859683840,93257728
1351594773.059,8.484,14.364,72.062,0.083,0,5.007,0,911633.067,2616212.1,69277178.767,0,0,35457.467,135.867,108351488,127926272,2859573248,93384704
1351594803.062,9.84,14.136,70.822,0.1,0,5.103,0,909721.6,2602628.467,4220719356.033,0,0,35355.4,135.967,116518912,127983616,2852651008,92082176
1351594833.063,8.829,14.311,71.52,0.1,0.008,5.233,0,868078.933,2617797.333,69318414.8,0,0,35471.633,144.067,108380160,128126976,2858852352,93876224
1351594863.059,8.466,14.298,72.227,0.083,0,4.926,0,912725.333,2617646.667,4221116839.733,0,0,35468.967,133.733,108109824,128192512,2860326912,92606464
1351594893.059,8.641,14.224,71.936,0.1,0,5.1,0,912998.4,2616313.033,69279889.567,0,0,35469.267,133.5,108949504,128262144,2858852352,93171712
1351594923.062,8.485,14.317,72.188,0.075,0.008,4.927,0,908356.267,2601026.5,4220677237.6,0,0,35335.467,133.367,108781568,128327680,2859892736,92233728
1351594953.063,8.27,14.302,72.05,0.091,0,5.287,0,908356.267,4154405583.333,68950440.7,0,0,35363.6,134.933,108331008,128389120,2858106880,94408704
1351594983.062,8.685,14.175,72.032,0.083,0.008,5.016,0,909038.933,2610980.233,4220939862.1,0,0,35418.967,133.033,108814336,128389120,2859724800,92307456
1351595013.062,8.433,14.334,72.336,0.075,0,4.822,0,912315.733,2613186.833,69196538.567,0,0,35429.1,135.667,108445696,128446464,2861305856,91037696
1351595043.063,8.484,14.375,72.289,0.075,0.008,4.769,0,908765.867,2603544.467,4220743616.533,0,0,35358.733,132.067,109178880,128516096,2857979904,93560832
1351595073.063,8.513,14.317,72.248,0.091,0,4.83,0,907946.667,2603430.133,68938625.067,0,0,35328.333,136,109240320,128573440,2857082880,94339072
1351595103.062,8.506,14.326,71.971,0.075,0,5.122,0,911086.933,2613973.367,69218257.367,0,0,35445.333,135.867,108953600,128643072,2857996288,93642752
1351595133.063,8.447,14.314,72.359,0.1,0.008,4.771,0,910950.4,2611665.233,4220958188.433,0,0,35414.6,137.1,108236800,128708608,2860695552,91594752
1351595163.062,8.374,14.462,71.993,0.067,0,5.104,0,911086.933,2609180.233,69091960.367,0,0,35412.3,133.6,108797952,128778240,2858905600,92753920
1351595193.062,8.59,14.234,71.956,0.091,0,5.129,0,909585.067,2614308.667,4221027098.167,0,0,35448.3,137.2,108974080,128847872,2857078784,94334976
1351595223.063,8.246,14.5,72.252,0.075,0.008,4.919,0,911496.533,2609801.367,69107774.733,0,0,35417.833,134.067,108802048,128917504,2860085248,91430912
1351595253.059,8.337,14.435,72.067,0.091,0.008,5.061,0,911086.933,2612602.133,4220982943.633,0,0,35433.4,136.233,108736512,128987136,2858319872,93192192
1351595283.063,8.489,14.254,72.165,0.091,0,5,0,909448.533,2608579.467,69052682.4,0,0,35389.067,132.7,107577344,129048576,2859741184,92868608
1351595313.059,8.475,14.355,71.973,0.075,0,5.123,0,911906.133,2613864.667,4221013854.633,0,0,35441.467,139.133,108789760,129114112,2857320448,94011392
1351595343.063,8.727,14.036,72.053,0.1,0.008,5.077,0,912179.2,2617578.833,69310881.267,0,0,35469.633,132.967,108134400,129187840,2858283008,93630464
1351595373.062,8.182,14.505,72.193,0.1,0,5.02,0,910950.4,2608719.433,4220880464.667,0,0,35391.867,134.367,108482560,129249280,2858323968,93179904
1351595403.062,9.534,14.381,70.824,0.075,0,5.186,0,909721.6,2607010.433,69030269.133,0,0,35379.333,139.233,115937280,129318912,2851078144,92901376
1351595433.063,8.675,14.417,71.83,0.133,0,4.944,0,931430.4,2611674.5,4220957692.567,0,0,35403.967,143.4,109105152,129458176,2856865792,93806592
1351595463.059,8.656,14.188,72.238,0.066,0,4.851,0,910950.4,2607926.1,69056839.8,0,0,35396.267,132.867,108617728,129515520,2856857600,94244864
1351595493.062,8.513,14.34,72.259,0.075,0,4.813,0,909175.467,2606960.8,4220834351.4,0,0,35392.167,135.033,107966464,129585152,2858446848,93237248
1351595523.062,4.831,7.771,84.695,0.068,0.008,2.627,0,633924.267,1413756.7,37435428.6,0,0,19163.433,78.8,108130304,129630208,2857459712,94015488
1351595553.062,0.008,0.008,99.983,0,0,0,0,1228.8,46.667,7,0,0,21.1,10.433,108122112,129638400,2857459712,94015488
1351595583.062,0,0,100,0,0,0,0,546.133,46.667,8.4,0,0,19.733,8.2,108113920,129646592,2857459712,94015488
1351595613.062,4.79,8.461,84,0.049,0,2.7,0,450969.6,1543583.6,40871412.4,0,0,20798.233,146.767,107810816,129691648,2857607168,94126080
1351595643.063,8.48,14.011,72.67,0.425,0,4.415,249446.4,908356.267,2603756.867,4220746669.633,0,0,35089.233,183.133,107393024,129720320,2858557440,93564928
1351595673.062,8.349,14.505,72.366,0.1,0,4.679,0,921190.4,2638989.067,69879929.267,0,0,35518.3,125.333,107610112,129794048,2857885696,93945856
1351595703.063,8.711,14.086,72.872,0.108,0.008,4.215,0,919142.4,2635796.4,4221598187.9,0,0,35503.867,123.533,107380736,129863680,2857631744,94359552
1351595733.059,8.315,14.434,72.619,0.083,0,4.55,0,919142.4,2635175.2,69779598,0,0,35493,124.333,108154880,129937408,2856615936,94527488
1351595763.062,8.427,14.357,72.438,0.092,0,4.686,0,917230.933,2628066.567,4221392044.033,0,0,35441,120.967,107970560,130007040,2856349696,94908416
1351595793.063,8.347,14.127,72.988,0.166,0.008,4.364,15564.8,919688.533,2634436.7,69759170.8,0,0,35453.5,131.033,108134400,130080768,2857492480,93528064
1351595823.063,8.136,14.688,72.633,0.083,0,4.46,8055.467,918869.333,2637882.333,4221652719.467,0,0,35517.267,124.233,108294144,130105344,2856869888,93966336
1351595853.062,8.256,14.689,72.836,0.1,0,4.12,0,922419.2,2636523.3,69813959.6,0,0,35515.033,124.067,107917312,130117632,2858250240,92950528
1351595883.059,8.376,14.376,72.681,0.083,0,4.484,0,920780.8,2639599.167,4221698334.4,0,0,35531.733,123.267,108638208,130121728,2856882176,93593600
1351595913.063,8.554,14.09,72.56,0.083,0,4.713,0,919552,2636769.833,69821656.867,0,0,35515.433,121.167,108146688,130142208,2856828928,94117888
1351595943.059,8.552,14.384,72.617,0.084,0,4.364,0,917367.467,2634382.667,4221560097.233,0,0,35477.567,120.4,108285952,130158592,2857451520,93339648
1351595973.063,8.518,14.203,72.7,0.1,0.008,4.471,0,920234.667,2639357.133,69889362.133,0,0,35543.7,125,108638208,130187264,2857308160,93102080
1351596003.059,9.334,14.751,71.319,0.116,0,4.481,0,920917.333,2631214.767,4221476195.867,0,0,35482.367,123.533,116199424,130195456,2849026048,93814784
1351596033.062,8.656,14.186,72.046,0.1,0,5.012,0,884326.4,2633348.167,69730130.433,0,0,35496.2,127.4,107679744,130318336,2859659264,91578368
1351596063.062,8.544,14.447,72.527,0.067,0,4.414,0,916411.733,2628286.1,4221399177.8,0,0,35458.933,119.233,108228608,130326528,2857975808,92704768
1351596093.062,8.342,14.461,72.486,0.083,0,4.629,0,916684.8,2626619.7,69552398.9,0,0,35436.533,120.233,107835392,130363392,2857926656,93110272
1351596123.063,8.327,14.531,72.471,0.083,0,4.588,0,921600,2646309.067,4221876067.433,0,0,35590.5,122.5,108875776,130383872,2856247296,93728768
1351596153.063,8.226,14.763,72.09,0.249,0,4.672,19797.333,1015808,2643053.2,69988142.567,0,0,35577.533,171.5,107950080,130445312,2857365504,93474816
1351596183.063,8.596,14.296,72.453,0.084,0,4.57,0,924876.8,2643876.3,4221811001.067,0,0,35564.333,123.133,108552192,130469888,2858643456,91570176
1351596213.063,8.327,14.506,72.479,0.142,0,4.547,0,920371.2,2638696.3,69873091.2,0,0,35536.2,124.467,108507136,130420736,2857697280,92610560
1351596243.063,8.5,14.257,72.728,0.066,0,4.449,0,920917.333,2639019.133,4221682350.333,0,0,35534.833,120.467,107393024,130441216,2859806720,91594752
1351596273.059,8.551,14.313,72.529,0.075,0,4.531,0,922419.2,2643852.167,70009457.433,0,0,35569.4,123.633,107671552,130449408,2857504768,93609984
1351596303.063,8.461,14.468,72.637,0.083,0.008,4.343,0,922419.2,2645863.133,4221863629.267,0,0,35598.5,122.067,108175360,130461696,2857218048,93380608
1351596333.059,8.535,14.166,72.808,0.083,0,4.408,0,923648,2646724.5,70085588.5,0,0,35601.4,125.033,108163072,130478080,2857975808,92618752
1351596363.062,8.479,14.59,72.196,0.084,0,4.651,0,920371.2,2643562.2,4221802911.667,0,0,35569.567,120.733,107835392,130490368,2858401792,92508160
1351596393.062,8.354,14.381,72.768,0.116,0,4.381,0,916138.667,2624964.967,69508666.233,0,0,35410.833,126.433,108118016,130510848,2857607168,92999680
1351596423.062,8.553,14.352,72.627,0.083,0.008,4.376,0,919278.933,2636848.633,69824223,0,0,35517.067,123.067,108027904,130523136,2857431040,93253632
1351596453.062,8.588,14.352,72.845,0.083,0,4.132,0,922965.333,2644645.267,4221832210.267,0,0,35580.667,124.3,107810816,130531328,2856624128,94269440
1351596483.062,8.798,13.965,72.693,0.091,0,4.453,0,920371.2,2640162.067,69911099.167,0,0,35530.9,120.967,108064768,130560000,2859134976,91475968
1351596513.063,8.276,14.389,72.586,0.108,0,4.641,0,920507.733,2639971.033,4221707955.133,0,0,35534.533,124.133,108257280,130576384,2857148416,93253632
1351596543.062,8.421,14.484,72.663,0.084,0,4.349,0,920917.333,2636808.267,69822441.3,0,0,35505.133,123,108273664,130600960,2856980480,93380608
1351596573.062,8.195,14.556,72.772,0.1,0,4.377,0,917367.467,2628656.3,4221408628.2,0,0,35413.833,125.3,107917312,130617344,2858582016,92119040
1351596603.063,9.536,14.288,71.052,0.289,0,4.834,3140.267,919825.067,2639822.9,69902342.1,0,0,35569.433,127.667,115965952,130625536,2850676736,91967488
1351596633.063,8.917,14.294,72.289,0.134,0,4.367,682.667,871628.8,2639708.267,4221701207.1,0,0,35537.233,131.333,107741184,130736128,2859266048,91492352
1351596663.063,8.46,14.527,72.526,0.091,0,4.396,0,923374.933,4154447780.867,70067636.4,0,0,35594.9,118.633,108269568,130596864,2855718912,94650368
1351596693.062,8.61,14.373,72.393,0.075,0,4.548,0,924057.6,2648390.033,4221929888.367,0,0,35622.467,124.233,108494848,130621440,2855841792,94277632
1351596723.059,8.407,14.224,72.933,0.091,0,4.344,0,920917.333,2638639.7,69871675.467,0,0,35534.167,120.533,108511232,130637824,2857062400,93024256
1351596753.062,8.535,14.22,72.432,0.092,0.008,4.712,0,919825.067,2639096.2,4221685320.8,0,0,35531.4,122.8,108765184,130646016,2855292928,94531584
1351596783.062,8.295,14.416,72.503,0.116,0,4.67,0,919961.6,2637690.467,69845966.933,0,0,35527.833,120.833,108646400,130646016,2855522304,94420992
1351596813.062,8.264,14.596,72.472,0.084,0,4.584,0,920917.333,2639975.6,4221707775.9,0,0,35548.867,125.2,108204032,130670592,2857463808,92897280
1351596843.062,8.415,14.276,72.762,0.083,0,4.464,0,922146.133,2646089.867,70069032.4,0,0,35590.033,120.9,108134400,130674688,2855370752,95055872
1351596873.063,8.361,14.376,72.404,0.092,0,4.767,0,921326.933,2638448.5,4221667525.433,0,0,35531.5,123.133,108462080,130691072,2857058304,93024256
1351596903.062,8.47,14.542,72.344,0.084,0,4.561,0,921463.467,2644664.333,70030613.867,0,0,35584.2,119.467,107290624,130711552,2857193472,94040064
1351596933.063,8.608,14.194,72.544,0.075,0,4.579,0,922692.267,2647664,4221911620.4,0,0,35601.867,121.567,108097536,130727936,2857656320,92753920
1351596963.062,8.425,14.35,72.45,0.092,0,4.683,0,922828.8,2644499.3,70026059.133,0,0,35571.033,121.6,107597824,130744320,2858393600,92499968
1351596993.062,8.462,14.539,72.512,0.126,0,4.361,0,921463.467,2635651.4,4221593663.067,0,0,35491.067,122.567,108724224,130748416,2856120320,93642752
1351597023.062,8.41,14.367,72.548,0.092,0.008,4.575,0,917504,2638183.4,69859274,0,0,35531.567,121.667,108670976,130772992,2856005632,93786112
1351597053.059,8.448,14.223,72.795,0.091,0,4.443,0,918323.2,2632679.1,4221514491.2,0,0,35472.233,122.033,108105728,130789376,2855301120,95039488
1351597083.059,8.625,14.217,72.683,0.092,0,4.383,0,922146.133,2644283.567,70021201.7,0,0,35574.9,119.767,107876352,130813952,2857013248,93532160
1351597113.062,8.55,14.412,72.425,0.108,0,4.504,0,920371.2,2635713.067,4221594957.567,0,0,35491.767,126.667,108892160,130842624,2856349696,93151232
1351597143.062,8.539,14.338,72.485,0.084,0,4.554,0,919142.4,2633783.3,69742877.333,0,0,35464.867,118.867,108826624,130854912,2856148992,93405184
1351597173.062,8.518,14.287,72.717,0.108,0,4.37,0,1005431.467,2640310.567,4221716407.167,0,0,35549.133,119.967,108310528,130875392,2856009728,94040064
1351597203.062,9.599,14.452,71.163,0.083,0,4.704,0,921600,2633687.7,69740007.733,0,0,35496.2,127.367,115408896,130801664,2850693120,92332032
1351597233.063,8.567,14.694,72.129,0.151,0.008,4.451,0,937028.267,2626972.5,4221363221.833,0,0,35432.433,128.667,108175360,130904064,2857013248,93143040
1351597263.059,8.493,14.358,72.556,0.1,0,4.492,0,918459.733,2622098.367,69433422.767,0,0,35391.9,122.167,107868160,130928640,2858582016,91856896
1351597293.062,8.243,14.412,72.8,0.1,0,4.445,0,921873.067,2638447.233,4221667998.4,0,0,35523.233,125.133,108531712,130949120,2855206912,94547968
1351597323.062,8.66,14.225,72.681,0.083,0.008,4.342,0,917640.533,2631887.467,69691930.867,0,0,35477.6,124.167,108810240,130924544,2855096320,94404608
1351597353.062,8.224,14.501,72.646,0.1,0,4.528,0,918459.733,2632043.467,4221497800.1,0,0,35471.6,124.5,107933696,130953216,2857467904,92880896
1351597383.059,8.17,14.645,72.598,0.1,0,4.486,0,922419.2,2643654.4,70004421.1,0,0,35569.1,123.133,108077056,130969600,2858704896,91484160
1351597413.063,8.327,14.446,72.727,0.1,0,4.4,0,920644.267,2637714.1,4221648236.133,0,0,35521.367,122.7,108814336,130985984,2855157760,94277632
1351597443.059,8.374,14.44,72.677,0.092,0,4.416,0,820974.933,2621786.567,69425055.133,0,0,35381.833,123.4,108285952,131010560,2856169472,93769728
1351597473.059,8.294,14.698,72.511,0.075,0.008,4.414,0,918869.333,2632969.533,4221522081.767,0,0,35468.7,121.7,108064768,131039232,2858012672,92119040
1351597503.062,4.446,7.48,85.477,0.059,0,2.538,0,616311.467,1356704.467,35925397.6,0,0,18307.5,69.933,108425216,131059712,2855727104,94023680
1351597533.062,0,0.008,99.992,0,0,0,0,1638.4,38.2,7,0,0,19.367,7.967,108417024,131067904,2855727104,94023680
1351597563.062,0,0,100,0,0,0,0,546.133,40.2,8.4,0,0,21.867,10.3,108408832,131076096,2855727104,94023680
1351597593.063,1.988,3.648,93.098,0.008,0,1.257,0,143769.6,654774.3,17335460.1,0,0,8854.433,102.7,106872832,131092480,2858643456,92626944
1351597623.059,8.493,14.39,72.318,0.109,0,4.691,0,918050.133,2631555.933,69684171.167,0,0,35416.833,124,107364352,131108864,2856992768,93769728
1351597653.059,8.403,14.29,72.739,0.091,0.008,4.467,0,915865.6,2627954.4,4221390295.133,0,0,35419.367,119.133,107950080,131125248,2857517056,92643328
1351597683.062,8.536,14.501,72.604,0.1,0,4.26,0,917640.533,2631466.8,69680675.767,0,0,35454.567,123.433,107454464,131149824,2856099840,94531584
1351597713.059,8.491,14.363,72.45,0.1,0,4.596,0,920098.133,2638828.1,4221678179.8,0,0,35505.933,121.367,107118592,131170304,2858700800,92246016
1351597743.062,8.406,14.163,72.652,0.099,0.008,4.671,0,922146.133,2643805.033,70007504.367,0,0,35557.4,123.433,107724800,131186688,2857418752,92905472
1351597773.062,8.479,14.548,72.597,0.092,0,4.285,0,920507.733,2639902.167,4221706515.467,0,0,35517.567,117.7,107732992,131211264,2858188800,92102656
1351597803.062,9.63,14.511,71.128,0.166,0,4.566,0,925013.333,2646588.467,70080684.5,0,0,35591.2,125.3,116076544,131215360,2850373632,91570176
1351597833.062,8.756,14.328,72.109,0.118,0,4.689,0,886647.467,2643914.367,4221812291.467,0,0,35541.833,126.6,107798528,131309568,2856857600,93270016
1351597863.063,8.369,14.381,72.551,0.1,0.008,4.591,0,916957.867,2630273.7,69650448.1,0,0,35453.1,126.7,108032000,131244032,2855927808,94031872
1351597893.059,8.466,14.254,72.582,0.075,0,4.624,0,919961.6,2640041.5,4221710180.3,0,0,35482.5,121.3,108285952,131268608,2855387136,94294016
1351597923.063,8.409,14.36,72.591,0.083,0,4.557,0,924330.667,2649946.5,70170717.1,0,0,35601.3,124.1,108429312,131280896,2854596608,94928896
1351597953.063,8.42,14.657,71.923,0.184,0,4.816,409.6,1017719.467,2643394.567,4221798273.633,0,0,35556.867,164.967,107945984,131354624,2857816064,92119040
1351597983.059,8.643,14.155,72.785,0.1,0,4.317,0,925559.467,2648418.6,70129814.167,0,0,35592.9,121.333,107868160,131383296,2858500096,91484160
1351598013.062,8.506,14.21,72.454,0.091,0.008,4.731,0,952456.533,2637986.267,4221655968.167,0,0,35506,120.733,108318720,131399680,2854961152,94556160
1351598043.062,8.501,14.449,72.549,0.092,0,4.409,0,921190.4,2640618.4,69923857.5,0,0,35519.233,122.933,108617728,131420160,2855428096,93769728
1351598073.063,8.242,14.521,72.797,0.091,0,4.349,0,921736.533,2643607.367,4221803898.8,0,0,35541.233,122.333,108154880,131444736,2855342080,94294016
1351598103.059,8.405,14.531,72.331,0.092,0,4.641,0,920644.267,2637516.9,69841997.9,0,0,35517.267,121.767,108281856,131465216,2855211008,94277632
1351598133.063,8.378,14.482,72.561,0.108,0.008,4.463,0,919961.6,2637207,4221635036.5,0,0,35507.767,120.633,107393024,131489792,2856329216,94023680
1351598163.063,8.727,14.244,72.376,0.075,0,4.577,0,921326.933,2639811.233,69901537.533,0,0,35534.033,120.9,108371968,131510272,2855710720,93642752
1351598193.059,8.485,14.447,72.479,0.15,0,4.438,0,921190.4,2638992.4,4221681750.8,0,0,35520.5,120.3,107962368,131534848,2855587840,94150656
1351598223.062,8.632,14.301,72.468,0.075,0,4.524,0,921736.533,2641073.1,69936295.667,0,0,35545.367,122.867,108453888,131547136,2854322176,94912512
1351598253.062,8.227,14.599,72.481,0.1,0,4.592,0,920644.267,2638234.6,4221662188.467,0,0,35507.7,122.133,108105728,131579904,2856415232,93134848
1351598283.062,8.299,14.574,72.569,0.075,0.008,4.475,0,885282.133,2645983.4,70065276.8,0,0,35569.233,126.467,107712512,131600384,2855772160,94150656
1351598313.063,8.477,14.252,72.575,0.091,0.008,4.596,0,924194.133,2649030.5,4221947351.467,0,0,35590.6,123.167,107724800,131624960,2856734720,93151232
1351598343.062,8.266,14.688,72.25,0.092,0,4.703,0,920234.667,2636773.4,69822533.733,0,0,35489.167,122.367,107773952,131645440,2856935424,92880896
1351598373.063,8.263,14.108,72.752,0.339,0,4.537,226645.333,906444.8,4154397791.5,4220544968.6,0,0,35051.6,179.5,107655168,131653632,2856140800,93786112
1351598403.062,9.74,14.357,71.111,0.067,0.017,4.708,0,922965.333,2645319.3,70047871.1,0,0,35585.033,127.967,116297728,131596288,2848247808,93093888
1351598433.063,8.654,14.345,72.263,0.092,0,4.645,0,871355.733,2648737.6,4221939478.267,0,0,35589.533,128.7,108851200,131710976,2856038400,92635136
1351598463.062,8.396,14.341,72.629,0.1,0,4.534,0,922828.8,2643136.1,69990767.8,0,0,35551.5,125.367,107778048,131731456,2855186432,94539776
1351598493.062,8.546,14.497,72.47,0.084,0,4.403,0,920507.733,2642859.3,4221783791.433,0,0,35541.667,121.333,107741184,131727360,2856124416,93642752
1351598523.062,8.31,14.156,72.896,0.19,0,4.448,23210.667,916957.867,2625595,69526510,0,0,35355.833,127.667,108036096,131756032,2855546880,93896704
1351598553.062,8.479,14.441,72.481,0.092,0.008,4.499,22801.067,918050.133,2632876.567,4221520305.533,0,0,35456.467,124.267,107610112,131796992,2858582016,91246592
1351598583.062,8.529,14.138,72.779,0.1,0,4.455,0,917777.067,2633993.567,69747911.033,0,0,35428.1,123.233,107827200,131825664,2857209856,92372992
1351598613.062,8.204,14.512,72.45,0.092,0.008,4.735,0,921873.067,2646652.467,4221885236.167,0,0,35574.833,120.867,108204032,131833856,2857062400,92135424
1351598643.062,8.637,14.361,72.567,0.084,0,4.352,0,926105.6,2651315.067,70206567.333,0,0,35604.433,125.7,107786240,131862528,2857086976,92499968
1351598673.059,8.426,14.316,72.8,0.091,0,4.366,0,922009.6,2639926.467,69905100.6,0,0,35518.867,120.567,107769856,131878912,2855673856,93913088
1351598703.059,8.423,14.477,72.444,0.067,0,4.588,0,915592.533,2627564.8,4221379401.1,0,0,35441.167,122.6,108425216,131911680,2854875136,94023680
1351598733.062,8.491,14.495,72.59,0.067,0,4.358,0,916548.267,2627066.3,69564737.5,0,0,35433.867,122.367,108220416,131944448,2855919616,93151232
1351598763.059,8.895,14.058,72.474,0.083,0,4.489,0,914773.333,2622426.8,4221243443.733,0,0,35390.3,121.767,108093440,131985408,2856148992,93007872
1351598793.062,8.677,14.077,72.646,0.083,0,4.517,0,920644.267,2641164.2,69937970.7,0,0,35528.6,118.4,107917312,132001792,2854277120,95039488
1351598823.062,8.291,14.485,72.54,0.091,0.008,4.585,0,918732.8,2631350.433,4221479430.367,0,0,35455.4,125.633,108527616,132022272,2854010880,94674944
1351598853.063,8.217,14.567,72.533,0.075,0.008,4.6,0,918869.333,2639044.333,69882194.067,0,0,35515.933,118.467,108494848,132046848,2856448000,92246016
1351598883.059,8.387,14.612,72.476,0.092,0,4.432,0,919415.467,2636227.867,4221608173.6,0,0,35482.8,124.833,107954176,131985408,2856398848,92897280
1351598913.059,8.395,14.396,72.762,0.083,0,4.364,0,920780.8,2645801.133,70059945.7,0,0,35554.133,121.1,108425216,132009984,2855014400,93786112
1351598943.062,8.465,14.464,72.396,0.092,0,4.583,0,921053.867,2636558.967,4221618528.8,0,0,35500.9,123.7,108437504,132038656,2856751104,92008448
1351598973.063,8.358,14.376,72.568,0.083,0,4.615,0,918596.267,2635892.6,69798567.367,0,0,35495.067,120.967,107642880,132050944,2857930752,91611136
1351599003.062,9.829,14.139,71.217,0.124,0,4.691,6963.2,923238.4,2639660.167,4221699803.967,0,0,35535.933,126.633,116703232,132018176,2846785536,93728768
1351599033.063,8.566,14.453,72.442,0.159,0,4.38,12424.533,945356.8,2632119.067,69698266.2,0,0,35457.667,130.133,107929600,132132864,2855538688,93634560
1351599063.059,8.133,14.619,72.543,0.075,0,4.631,0,914227.2,2624115.033,4221287382.433,0,0,35388.067,124.767,108322816,132149248,2855256064,93507584
1351599093.062,8.569,14.173,72.903,0.099,0,4.255,0,923648,2648703.3,70137727,0,0,35578.267,118.067,108486656,132186112,2854666240,93896704
1351599123.062,8.392,14.503,72.683,0.075,0,4.346,0,920917.333,2640983.333,4221735054.667,0,0,35533.133,122.767,108691456,132206592,2855075840,93261824
1351599153.063,8.73,14.211,72.615,0.1,0,4.344,0,920234.667,2637110.733,69830253.633,0,0,35495.067,121,108011520,132239360,2857500672,91484160
1351599183.063,8.25,14.488,72.565,0.083,0,4.614,0,916411.733,2626184.1,4221342683.467,0,0,35417.9,127.033,109137920,132263936,2853302272,94531584
1351599213.063,8.735,14.213,72.568,0.067,0.008,4.409,0,916138.667,2627499.833,69575120.4,0,0,35419.767,119.833,108183552,132296704,2855731200,93024256
1351599243.062,8.431,14.407,72.529,0.083,0,4.549,0,915319.467,2624190.833,4221290426.467,0,0,35410.433,121.367,107782144,132329472,2856226816,92897280
1351599273.063,8.279,14.508,72.72,0.075,0.008,4.41,0,918732.8,2633609.7,69739010.2,0,0,35454.8,121.3,107737088,132358144,2856005632,93134848
1351599303.063,8.431,14.243,72.603,0.067,0,4.656,0,915729.067,2628428.8,4221401538.533,0,0,35385.833,121.7,107937792,132366336,2854764544,94167040
1351599333.059,8.2,14.545,72.699,0.1,0,4.457,0,919552,2639616.2,69897197.3,0,0,35506.1,122.167,108507136,132399104,2854813696,93515776
1351599363.059,8.346,14.708,72.426,0.075,0,4.445,0,924194.133,2648853.3,4221943584.567,0,0,35595.533,123.267,107925504,132427776,2857398272,91484160
1351599393.063,8.226,14.489,72.554,0.075,0,4.656,0,922692.267,2646376.2,70076410.7,0,0,35563.133,122.233,108363776,132452352,2855538688,92880896
1351599423.063,8.434,14.449,72.462,0.108,0,4.547,409.6,918459.733,2628832.8,4221412748.767,0,0,35443.733,123.433,108412928,132399104,2855407616,93016064
1351599453.063,8.415,14.5,72.565,0.083,0.008,4.428,0,919142.4,2627485.367,69575264.867,0,0,35436.533,120.1,108654592,132419584,2855161856,92999680
1351599483.062,7.292,12.369,76.261,0.084,0.008,3.986,0,920234.667,2253718.7,4211481064.867,0,0,30326.867,108.7,108249088,132464640,2853736448,94785536
1351599513.062,0.008,0,99.992,0,0,0,0,12151.467,43.067,7,0,0,19.3,8.067,108240896,132472832,2853736448,94785536
1351599543.062,0,0,100,0,0,0,0,546.133,42.2,8.4,0,0,21.233,10.4,108232704,132481024,2853736448,94785536
1351599573.062,1.819,2.977,94.112,0.017,0,1.075,0,145271.467,558952.467,14798903.433,0,0,7528.767,101.767,107147264,132489216,2854789120,94810112
1351599603.062,9.596,14.365,70.954,0.349,0,4.736,2730.667,924330.667,2639372.1,69889033.633,0,0,35520.333,132.967,115171328,132505600,2847703040,93855744
1351599633.063,8.747,14.25,72.1,0.1,0.008,4.794,682.667,849373.867,2637907.8,4221653481.833,0,0,35507.167,123.8,108068864,132624384,2854510592,94031872
1351599663.059,8.59,14.267,72.287,0.084,0,4.772,0,925969.067,2642584.867,69975136.233,0,0,35544.4,127.2,107433984,132661248,2857156608,91983872
1351599693.063,8.428,14.315,72.773,0.075,0,4.409,0,917640.533,2632920.567,4221521490.767,0,0,35461.033,118.467,108040192,132698112,2856869888,91627520
1351599723.059,8.387,14.448,72.756,0.083,0,4.326,0,919552,2637380.3,69838062.933,0,0,35509.6,124.6,107216896,132743168,2856394752,92880896
1351599753.063,8.408,14.531,72.35,0.191,0.008,4.511,409.6,1015944.533,2638509.067,4221668903.8,0,0,35515.967,162.2,108634112,132816896,2853634048,94150656
1351599783.059,8.19,14.507,72.576,0.092,0,4.636,0,921053.867,2639400.6,69892450.367,0,0,35486.167,122.967,108486656,132837376,2853871616,94040064
1351599813.059,8.27,14.558,72.608,0.075,0,4.489,0,924057.6,2650856.233,4221995264.8,0,0,35615.967,122.2,108326912,132870144,2855903232,92135424
1351599843.062,8.567,14.507,72.425,0.084,0,4.417,0,923374.933,2652539.2,70238895.767,0,0,35629.867,122.567,108400640,132894720,2853789696,94150656
1351599873.062,8.445,14.402,72.768,0.083,0,4.302,0,923784.533,2647911.667,4221918466.1,0,0,35589.867,121.067,108220416,132923392,2853924864,94167040
1351599903.062,8.483,14.444,72.572,0.092,0.008,4.4,0,921326.933,2641036.367,69934045.2,0,0,35535.467,121.467,108445696,132952064,2853670912,94167040
1351599933.063,8.545,14.041,72.744,0.083,0,4.587,0,919961.6,2636524.5,4221617650,0,0,35507.833,118.733,108683264,132980736,2852896768,94674944
1351599963.063,8.161,14.699,72.61,0.108,0,4.422,0,920917.333,2640303.4,69914971.733,0,0,35539.9,122.1,107634688,133013504,2855960576,92626944
1351599993.063,8.474,14.318,72.771,0.083,0,4.354,0,987682.133,2648713.7,4221939447.467,0,0,35594.3,119.233,108367872,133029888,2853560320,94277632
1351600023.063,8.482,14.425,72.282,0.092,0.017,4.703,0,923238.4,2644990.9,70039968.633,0,0,35570.933,124.2,107487232,133050368,2854039552,94658560
1351600053.063,8.517,14.404,72.306,0.075,0,4.698,0,923921.067,2650889.333,4221996756.4,0,0,35608.9,120.867,107806720,133083136,2856718336,91627520
1351600083.063,8.339,14.303,72.725,0.074,0,4.558,0,922828.8,2644812.033,70034527.567,0,0,35564.967,123.9,107327488,133046272,2855837696,93024256
1351600113.062,8.254,14.63,72.525,0.1,0,4.49,0,925013.333,4154453506.633,70219013.833,0,0,35624.667,118.3,107438080,133062656,2854432768,94302208
1351600143.059,8.37,14.413,72.612,0.083,0.008,4.513,0,923648,2645855.267,4221863801.7,0,0,35579.3,122.133,108183552,133083136,2854707200,93261824
1351600173.063,8.396,14.312,72.525,0.092,0,4.676,0,923101.867,2642768.067,69981020.567,0,0,35549.033,118.833,108621824,133107712,2854354944,93151232
1351600203.062,9.764,14.334,71.19,0.083,0,4.628,0,919415.467,2633953.233,4221548270.133,0,0,35508.733,127.3,116559872,133111808,2844962816,94601216
1351600233.059,8.932,14.219,72.254,0.083,0,4.512,0,805000.533,2642149.133,69962982.133,0,0,35551.5,128.433,108441600,133226496,2856202240,91365376
1351600263.059,8.493,14.611,72.365,0.092,0,4.439,0,919688.533,2639367,4221692550.1,0,0,35528.667,124.867,108728320,133259264,2854756352,92491776
1351600293.062,8.497,14.137,72.737,0.075,0,4.555,0,919552,2638138.233,69858132.867,0,0,35519.667,116.667,108568576,133275648,2854621184,92770304
1351600323.062,8.477,14.456,72.474,0.117,0,4.476,0,919961.6,2636343.067,4221612133.3,0,0,35508.333,124.967,107528192,133304320,2854481920,93921280
1351600353.062,8.304,14.419,72.603,0.083,0.008,4.583,0,923374.933,2649849.067,70167179.533,0,0,35599.733,121.133,108204032,133287936,2853060608,94683136
1351600383.062,8.461,14.288,72.558,0.083,0,4.61,0,920507.733,2636745.967,4221623260.233,0,0,35466.967,122.1,108384256,133320704,2853109760,94420992
1351600413.059,8.416,14.432,72.677,0.083,0,4.391,0,924467.2,2654557.167,70291491.033,0,0,35655.867,119.967,108711936,133345280,2853011456,94167040
1351600443.063,8.4,14.409,72.601,0.066,0.008,4.515,0,922965.333,2650473.567,4221986259.833,0,0,35616.533,121.8,108118016,133365760,2855632896,92119040
1351600473.062,8.381,14.326,72.523,0.067,0,4.703,0,925832.533,2653578.267,70266580.067,0,0,35634.6,121.067,107974656,133382144,2854363136,93515776
1351600503.062,8.645,14.277,72.488,0.083,0,4.506,0,921600,2640845.2,4221732085.4,0,0,35535.567,122.9,107356160,133406720,2855575552,92897280
1351600533.059,8.556,14.199,72.855,0.075,0,4.315,0,919961.6,2639063.833,69881322.5,0,0,35514.467,121.833,108417024,133369856,2854678528,92770304
1351600563.062,8.32,14.662,72.646,0.083,0,4.289,0,921873.067,2644263.233,4221821857.067,0,0,35571.967,122.133,108593152,133398528,2854109184,93134848
1351600593.063,8.261,14.493,72.642,0.075,0,4.529,0,925559.467,2658814.933,70405121.867,0,0,35667.8,125.1,108539904,133419008,2854666240,92610560
1351600623.063,8.555,14.211,72.478,0.075,0,4.681,0,932659.2,2671208.833,4222536137.8,0,0,35768.1,122.9,107819008,133451776,2853560320,94404608
1351600653.063,8.33,14.699,72.052,0.067,0.008,4.844,0,926515.2,2661249.467,70469687.833,0,0,35687.9,122.7,107712512,133435392,2853412864,94674944
1351600683.063,8.291,14.434,72.588,0.067,0,4.62,0,919961.6,2634022.5,4221550233.233,0,0,35484.733,117,107569152,133459968,2854834176,93372416
1351600713.059,8.429,14.258,72.646,0.075,0,4.592,0,922009.6,2642691.367,69978364.133,0,0,35558.367,122.967,108584960,133476352,2852896768,94277632
1351600743.063,8.41,14.308,72.307,0.1,0,4.875,0,922419.2,2645116.4,4221844945.867,0,0,35556.767,119.9,107810816,133505024,2855927808,91992064
1351600773.059,8.394,14.474,72.505,0.1,0.008,4.518,0,921053.867,2638912,69877371.7,0,0,35522.267,125.833,107372544,133525504,2855329792,93007872
1351600803.062,9.737,14.345,71.087,0.099,0,4.732,0,921873.067,2639986.333,4221709282.433,0,0,35541.533,125.9,116703232,133533696,2845270016,93728768
1351600833.059,8.603,14.48,72.349,0.117,0,4.451,0,943581.867,2637920,69851021.967,0,0,35513.233,135.633,107712512,133644288,2856402944,91475968
1351600863.062,8.366,14.526,72.528,0.092,0,4.488,0,919278.933,2638270.6,4221663076.733,0,0,35513.1,122.367,107900928,133660672,2854141952,93532160
1351600893.063,8.323,14.409,72.736,0.108,0,4.423,0,918323.2,2634333.433,69757672.467,0,0,35445.9,127.433,107679744,133689344,2853462016,94404608
1351600923.063,8.075,14.49,72.564,0.415,0,4.456,225143.467,909038.933,2604625.2,4220772053.567,0,0,35088.567,183.667,107352064,133705728,2855804928,92372992
1351600953.063,8.463,14.302,72.453,0.1,0,4.681,0,921326.933,2636381.8,69811012.367,0,0,35505.933,125.3,107769856,133718016,2854359040,93388800
1351600983.062,8.747,14.255,72.437,0.109,0,4.453,0,920644.267,2639612.633,4221698324.667,0,0,35530.067,122.167,107851776,133742592,2854109184,93532160
1351601013.059,8.326,14.316,72.742,0.091,0.017,4.507,0,918459.733,2634676.833,69766271.3,0,0,35488.267,125.9,108208128,133763072,2852605952,94658560
1351601043.062,8.402,14.41,72.609,0.133,0,4.446,1228.8,923101.867,2644721.233,4221834396.3,0,0,35566.5,121,108646400,133795840,2851880960,94912512
1351601073.063,8.357,14.342,72.366,0.2,0.008,4.728,46148.267,915592.533,2629543.4,69629608.233,0,0,35420.8,139.033,108146688,133824512,2852605952,94658560
1351601103.059,8.282,14.61,72.642,0.092,0,4.375,0,922828.8,2646340.867,4221876372.467,0,0,35579.4,125.233,108126208,133758976,2853072896,94277632
1351601133.063,8.407,14.466,72.263,0.125,0,4.738,0,922009.6,2642154,69964732.533,0,0,35556.3,123.833,107872256,133795840,2854051840,93515776
1351601163.062,8.396,14.359,72.619,0.091,0,4.535,0,920507.733,2642007.4,4221762029.933,0,0,35550.967,123.467,107040768,133812224,2854977536,93405184
1351601193.062,8.445,14.634,72.494,0.109,0.008,4.31,273.067,921736.533,2641208.767,69939543.667,0,0,35532.5,121.9,107491328,133840896,2854641664,93261824
1351601223.062,8.357,14.337,72.693,0.099,0,4.514,0,923921.067,2647806,4221915468.633,0,0,35595.5,118.333,107544576,133861376,2854821888,93007872
1351601253.062,8.565,14.383,72.707,0.092,0,4.253,0,920780.8,2638306.1,69862354.633,0,0,35518.3,124.6,107790336,133885952,2853908480,93650944
1351601283.062,8.65,14.15,72.655,0.091,0,4.454,0,921326.933,2648232.867,4221926603.9,0,0,35584.6,122.767,107921408,133906432,2853638144,93769728
1351601313.059,8.479,14.485,72.308,0.084,0,4.645,0,921190.4,2640432.667,69918206.367,0,0,35528.167,124.3,108085248,133931008,2854846464,92372992
1351601343.063,8.522,14.343,72.612,0.091,0,4.432,0,922146.133,2643266.1,4221795230.1,0,0,35547.4,123.567,107876352,133951488,2853003264,94404608
1351601373.063,8.648,14.299,72.726,0.075,0.008,4.245,0,917230.933,2627246.333,69569400.567,0,0,35389.433,120.8,107282432,133976064,2854699008,93278208
1351601403.063,9.551,14.759,71.047,0.1,0,4.543,0,918596.267,2631590.667,69684510,0,0,35489.7,121.2,116326400,133980160,2844057600,94871552
1351601433.059,8.676,14.518,72.263,0.109,0.008,4.426,0,941806.933,2631331.833,4221479023.1,0,0,35475.9,127.967,108867584,134086656,2851758080,94523392
1351601463.062,7.433,13.069,75.309,0.117,0,4.072,0,919142.4,2354068.633,62335886.5,0,0,31718.4,110.867,108224512,134103040,2852765696,94142464
1351601493.062,0,0.008,99.992,0,0,0,0,49834.667,40.2,7,0,0,21.133,10.467,108208128,134111232,2852765696,94150656
1351601523.062,0.008,0,99.992,0,0,0,0,1228.8,44.4,8.4,0,0,19.767,8.167,108199936,134119424,2852765696,94150656
1351601553.063,2.005,3.573,93.233,0.066,0,1.122,409.6,161792,617620.6,4168153142.933,0,0,8355.167,151.533,107315200,134189056,2854580224,93151232
1351601583.062,8.591,14.335,72.36,0.1,0,4.614,0,922555.733,2637500.8,69840728.567,0,0,35498.033,119.2,107794432,134201344,2853834752,93405184
1351601613.063,8.403,14.43,72.796,0.108,0,4.264,0,917777.067,2631046.433,4221471028.1,0,0,35473.733,123.367,108355584,134217728,2852368384,94294016
1351601643.062,8.584,14.452,72.451,0.092,0,4.422,0,919142.4,2632233.433,69701984.067,0,0,35479.2,119.833,107249664,134225920,2855006208,92753920
1351601673.063,8.25,14.544,72.569,0.092,0,4.545,0,922146.133,2646206.6,70072265.4,0,0,35574.367,126.033,108146688,134225920,2852204544,94658560
1351601703.059,8.503,14.224,72.702,0.083,0,4.489,0,925696,2653064.833,4222053918.2,0,0,35634.633,119.933,108171264,134168576,2853109760,93786112
1351601733.062,8.535,14.28,72.777,0.1,0,4.309,0,921326.933,2646325.5,70075402.733,0,0,35584.533,123.4,107941888,134180864,2855374848,91738112
1351601763.062,8.307,14.529,72.703,0.108,0,4.353,0,923238.4,2646924,4221891484.033,0,0,35572.1,122.5,108154880,134189056,2852487168,94404608
1351601793.062,8.608,14.294,72.539,0.092,0,4.467,0,921326.933,2641194.8,69938368.033,0,0,35525.867,125.467,107761664,134201344,2855153664,92119040
1351601823.062,8.519,14.372,72.327,0.1,0,4.682,0,920371.2,4154440907.3,4221687368.433,0,0,35536.533,120.7,108699648,134201344,2852818944,93515776
1351601853.063,8.371,14.326,72.597,0.091,0,4.615,0,921600,2642022.3,69960883.5,0,0,35557.467,122.767,108015616,134221824,2855387136,91611136
1351601883.062,8.468,14.46,72.189,0.117,0,4.767,0,923238.4,2646588.833,4221882301,0,0,35580.7,122.1,108433408,134221824,2854318080,92262400
1351601913.063,8.357,14.236,72.775,0.091,0.008,4.533,0,919961.6,2638823.733,69877336.767,0,0,35494.833,122.467,108879872,134234112,2852208640,93913088
1351601943.059,8.342,14.545,72.312,0.134,0,4.666,0,920234.667,2641143.733,4221738329.667,0,0,35548.767,121.633,108371968,134242304,2854502400,92119040
1351601973.062,8.522,14.151,72.855,0.066,0.008,4.397,0,921190.4,2641802,69955562.7,0,0,35530.567,123.7,108650496,134254592,2851409920,94920704
1351602003.059,9.869,14.446,71.033,0.158,0,4.494,7372.8,924740.267,2648764.367,4221940639.133,0,0,35619.733,128.433,116592640,134238208,2844676096,93728768
1351602033.062,8.517,14.425,72.617,0.15,0,4.292,12424.533,870946.133,2641987.7,69958356.033,0,0,35536.567,130.1,107667456,134352896,2854707200,92508160
1351602063.063,8.308,14.588,72.775,0.075,0,4.254,0,923648,2647727.2,4221915919.1,0,0,35587.467,121.4,108527616,134246400,2852446208,94015488
1351602093.062,8.175,14.715,72.623,0.092,0,4.396,0,919005.867,2635465.533,69785822.533,0,0,35512.567,123.2,108703744,134258688,2851233792,95039488
1351602123.062,8.322,14.426,72.59,0.083,0,4.578,0,924330.667,2650142.9,4221977920.333,0,0,35606.7,122.6,107667456,134275072,2853539840,93753344
1351602153.062,8.594,14.22,72.789,0.125,0,4.272,0,921736.533,2643553.833,70000634.367,0,0,35561.367,124.1,108462080,134287360,2852462592,94023680
1351602183.062,8.735,14.14,72.774,0.1,0,4.25,0,921326.933,2639485,4221695364.867,0,0,35528.533,120.967,108388352,134250496,2853715968,92880896
1351602213.062,8.4,14.39,72.79,0.083,0.008,4.329,0,918869.333,2637797.933,69849017.667,0,0,35513.733,123.967,108621824,134250496,2851848192,94515200
1351602243.062,8.43,14.241,72.691,0.1,0,4.539,0,924330.667,2651914.567,4222023777.4,0,0,35616.233,124.2,108449792,134270976,2854649856,91865088
1351602273.062,8.365,14.382,72.73,0.091,0,4.432,0,921600,2636925,69826505.533,0,0,35522.2,123.6,108924928,134270976,2852126720,93913088
1351602303.062,8.647,14.313,72.49,0.109,0,4.441,0,919415.467,2639116.833,4221685168.7,0,0,35537.167,122.867,108044288,134295552,2854776832,92119040
1351602333.063,8.282,14.335,72.816,0.091,0,4.476,0,921873.067,2643206.6,69993010.367,0,0,35559.533,123.1,108298240,134283264,2852876288,93777920
1351602363.063,8.556,14.343,72.482,0.1,0,4.52,0,921053.867,2647115.867,4221897000.033,0,0,35588.533,123.067,108797952,134295552,2850959360,95182848
1351602393.062,8.448,14.521,72.582,0.1,0,4.349,0,923238.4,2644166.067,70017427.867,0,0,35555.467,122.633,107753472,134311936,2853527552,93642752
1351602423.063,8.446,14.307,72.583,0.083,0.008,4.572,0,922965.333,2643377.067,4221798302.1,0,0,35566.2,118.233,108072960,134324224,2855100416,91738112
1351602453.062,8.368,14.721,72.253,0.092,0,4.566,0,918869.333,2630195.733,69646903.267,0,0,35456.267,126.033,108777472,134324224,2851602432,94531584
1351602483.063,8.492,14.352,72.657,0.091,0,4.408,0,919688.533,2642104.2,4221765158.5,0,0,35546.533,120.267,108068864,134344704,2853322752,93499392
1351602513.063,8.343,14.25,72.502,0.091,0,4.814,0,924194.133,2649269.7,70152256.467,0,0,35602.833,124.133,109154304,134270976,2851913728,93896704
1351602543.063,8.319,14.412,72.476,0.108,0,4.685,0,924057.6,2650255.6,4221980433.167,0,0,35607.1,121.367,108711936,134291456,2853224448,93007872
1351602573.063,8.278,14.478,72.598,0.083,0,4.563,0,924330.667,2653409.633,70262034.8,0,0,35651.333,124.433,108691456,134283264,2851348480,94912512
1351602603.063,9.745,14.273,70.964,0.316,0,4.702,2730.667,919552,2632698.1,4221515271.267,0,0,35501.567,126.7,115789824,134287360,2847064064,92094464
1351602633.063,8.777,14.289,72.329,0.1,0,4.505,682.667,948633.6,2638841.4,69875600.9,0,0,35527.733,131.433,108376064,134385664,2852204544,94269440
1351602663.063,8.516,14.374,72.567,0.109,0,4.434,0,921326.933,2642406.267,4221773274.233,0,0,35504.5,121.267,107515904,134389760,2854076416,93253632
1351602693.063,8.293,14.487,72.742,0.091,0,4.387,0,927334.4,2659788.067,70431097.2,0,0,35685.667,123,108195840,134402048,2852106240,94531584
1351602723.059,8.48,14.267,72.614,0.091,0,4.548,0,928290.133,2659349.3,4222220758.533,0,0,35687,121.2,108568576,134410240,2851598336,94658560
1351602753.062,8.462,14.458,72.424,0.125,0,4.531,0,922692.267,2643952.233,70012132.1,0,0,35575.733,122.033,107900928,134430720,2853896192,93007872
1351602783.063,8.678,14.186,72.593,0.083,0,4.46,0,918459.733,2634087.033,4221552692.4,0,0,35502.8,122.3,107905024,134438912,2854010880,92880896
1351602813.062,8.508,14.372,72.525,0.108,0,4.487,0,918732.8,2635265.767,69780401.467,0,0,35517.1,121.333,108630016,134443008,2852012032,94150656
1351602843.062,8.633,14.246,72.322,0.059,0.008,4.732,0,919415.467,2637234.467,4221635638.233,0,0,35527.533,119.133,108564480,134451200,2854989824,91230208
1351602873.062,8.382,14.303,72.69,0.099,0,4.526,0,921463.467,2642564.433,69975588.4,0,0,35550.1,123.833,108044288,134463488,2852958208,93769728
1351602903.062,8.46,14.305,72.473,0.075,0,4.688,0,920917.333,2638922.167,4221680842.667,0,0,35529.567,123.1,108765184,134471680,2853498880,92499968
1351602933.063,8.314,14.568,72.564,0.109,0,4.446,0,959829.333,2649517.2,70158770.833,0,0,35615.967,122.367,108806144,134475776,2851278848,94674944
1351602963.062,8.329,14.417,72.581,0.066,0,4.607,0,920371.2,2638036.133,4221655978.3,0,0,35514.4,122.167,108687360,134410240,2851860480,94277632
1351602993.059,8.273,14.494,72.496,0.083,0,4.653,0,922009.6,2645822.267,70061999.6,0,0,35579.067,124.733,107429888,134422528,2854248448,93134848
1351603023.059,8.318,14.592,72.458,0.075,0,4.557,0,921190.4,2638212.5,69859774.667,0,0,35530.867,122.033,108421120,134430720,2851987456,94396416
1351603053.062,8.536,14.185,72.63,0.141,0,4.508,14472.533,921600,2634708.333,4221568880.167,0,0,35472.3,127.6,107462656,134451200,2854830080,92491776
1351603083.063,8.495,14.452,72.369,0.101,0.008,4.574,0,919688.533,2633750.067,69741108.733,0,0,35493.2,119.933,108388352,134451200,2852864000,93532160
1351603113.063,8.384,14.397,72.591,0.133,0,4.495,0,916821.333,2629676.5,4221435279.5,0,0,35471.567,127.7,107462656,134471680,2854801408,92499968
1351603143.059,8.521,14.265,72.461,0.075,0,4.677,0,921190.4,2636123.7,69804879.167,0,0,35511.967,122.733,107712512,134479872,2855161856,91881472
1351603173.059,8.529,14.399,72.439,0.092,0.008,4.532,0,924876.8,2650308.733,4221981719.767,0,0,35625.833,122.867,108875776,134492160,2852225024,93642752
1351603203.059,9.377,14.64,71.12,0.091,0,4.772,0,876680.533,2627960.967,69588794.3,0,0,35418.333,126.533,116183040,134492160,2845974528,92585984
1351603233.062,8.408,14.577,72.294,0.117,0,4.604,0,942899.2,2642151.767,4221765136.667,0,0,35537.167,130.667,107806720,134594560,2853072896,93761536
1351603263.059,8.448,14.483,72.59,0.092,0,4.387,0,923921.067,2645354.6,70047990.533,0,0,35582.4,120.733,107892736,134602752,2854756352,91983872
1351603293.062,8.722,14.314,72.365,0.1,0.008,4.49,0,924603.733,2651735.9,4222020208.333,0,0,35635.6,122.8,108027904,134598656,2853965824,92643328
1351603323.062,8.34,14.261,72.758,0.091,0,4.55,0,916957.867,2627360.5,69571676.767,0,0,35431.133,123.533,107831296,134615040,2853781504,93007872
1351603353.063,8.656,14.717,71.888,0.176,0,4.563,409.6,1017992.533,2633966.667,4221549898.467,0,0,35469.667,166.233,107642880,134676480,2855051264,91865088
1351603383.062,8.363,14.519,72.795,0.083,0,4.24,0,917230.933,2630152.033,69646012.8,0,0,35459.267,120.267,107655168,134684672,2853498880,93396992
1351603413.063,8.361,14.206,72.391,0.56,0,4.482,210670.933,905216,2598889.1,4220619500.933,0,0,35034.4,185.933,108933120,134602752,2851422208,94277632
1351603443.062,7.564,12.539,75.821,0.076,0,4,0,875451.733,4154114801,61251115.3,0,0,31097.533,107.067,107982848,134549504,2854711296,91992064
1351603473.062,0,0.025,99.975,0,0,0,0,2457.6,38.2,7,0,0,22.267,10.367,107974656,134557696,2854711296,91992064
1351603503.059,0.524,0.09,98.697,0.688,0,0,668057.6,546.133,44.833,13.033,0,0,72.233,35.7,109608960,134529024,2851512320,93585408
1351603533.059,2.388,3.628,89.359,3.469,0,1.156,426120.533,228283.733,616372.467,16317085.633,0,0,8536.767,258.933,110215168,141103104,2847850496,90066944
1351603563.063,8.491,14.22,72.624,0.083,0,4.582,0,911906.133,2606897.5,4220832464.067,0,0,35268,115.733,109314048,141119488,2846838784,91963392
1351603593.063,8.21,14.283,72.9,0.224,0,4.383,47240.533,908219.733,2605414.333,68991062.433,0,0,35206.633,136.967,109166592,141144064,2846031872,92893184
1351603623.063,8.522,14.357,72.532,0.1,0,4.487,136.533,912452.267,2614181.6,4221026807.833,0,0,35332.6,121.033,109727744,141164544,2845974528,92368896
1351603653.063,8.657,14.245,72.761,0.075,0,4.262,0,907946.667,2604034.433,68953435.967,0,0,35257.433,121.733,110571520,141185024,2843095040,94384128
1351603683.059,8.515,14.445,72.736,0.083,0,4.22,0,908219.733,2607961.633,4220860419.9,0,0,35297.3,120.633,111063040,141205504,2845122560,91844608
1351603713.063,8.549,14.226,72.483,0.067,0,4.675,0,909038.933,2606546.633,69020881.633,0,0,35272.433,120.833,111423488,141221888,2842062848,94527488
1351603743.063,8.351,14.397,72.798,0.1,0,4.354,273.067,909038.933,2601087.733,4220677964.667,0,0,35213.9,119.333,110481408,141254656,2844606464,92893184
1351603773.059,8.583,14.439,72.545,0.084,0,4.35,0,905216,2599162.167,68826537.233,0,0,35219.6,121.9,110149632,141275136,2845569024,92241920
1351603803.062,9.436,14.32,71.493,0.075,0,4.677,0,910950.4,2609294.033,4220895862.9,0,0,35309.933,122.733,118341632,141283328,2837815296,91795456
1351603833.062,8.645,14.405,72.132,0.092,0,4.727,0,866986.667,2597217.467,68773079.367,0,0,35207.6,130.533,110882816,141389824,2843205632,93757440
1351603863.062,8.625,13.958,72.823,0.1,0,4.495,0,908902.4,2602504.433,4220716645.667,0,0,35251.233,119.833,111071232,141422592,2845159424,91582464
1351603893.059,8.617,14.451,72.257,0.084,0.008,4.582,0,905216,2596602.833,68757170.8,0,0,35196.267,126.8,111079424,141443072,2842431488,94281728
1351603923.063,8.628,14.275,72.712,0.108,0,4.277,0,906308.267,2601351.233,4220685742.633,0,0,35241.167,122.833,110911488,141389824,2843541504,93392896
1351603953.062,8.539,14.393,72.615,0.083,0,4.37,0,913681.067,2622393.033,69441296.167,0,0,35395.8,121.367,110350336,141406208,2843467776,94011392
1351603983.062,8.439,14.415,72.676,0.125,0,4.345,273.067,916002.133,2624045.6,4221286391.833,0,0,35417.367,118.8,110653440,141447168,2845138944,91996160
1351604013.062,8.447,14.286,72.936,0.091,0,4.24,0,914500.267,2621504,69416633.567,0,0,35393.067,121.633,110940160,141463552,2844454912,92377088
1351604043.063,8.504,14.378,72.733,0.075,0,4.31,0,913817.6,2620285.933,4221187642.733,0,0,35393.233,118.733,110284800,141488128,2843164672,94298112
1351604073.063,8.55,14.288,72.575,0.075,0,4.512,0,912042.667,2618011,69323697.867,0,0,35359.467,122.267,110444544,141516800,2844262400,93011968
1351604103.062,8.288,14.409,72.552,0.083,0.008,4.659,0,912452.267,2615517.533,4221061471.267,0,0,35357.2,123.667,111190016,141529088,2842726400,93790208
1351604133.063,8.583,14.433,72.341,0.092,0,4.551,0,909858.133,2610603.7,69127453.333,0,0,35304.467,121,110923776,141557760,2844012544,92741632
1351604163.063,8.453,14.417,72.691,0.083,0,4.356,0,913271.467,2617415.867,69309966.4,0,0,35351.733,123.733,110137344,141582336,2845646848,91869184
1351604193.059,8.278,14.455,72.957,0.1,0,4.21,0,913817.6,2618095,4221128703.3,0,0,35368.3,116.667,110305280,141602816,2842791936,94535680
1351604223.062,8.613,14.181,72.674,0.091,0.008,4.431,0,911496.533,2611910.167,69163464.767,0,0,35325.6,125.333,110243840,141631488,2844340224,93020160
1351604253.063,8.509,14.427,72.437,0.101,0,4.527,0,909994.667,2610274.433,4220921645.3,0,0,35309.833,122.633,111177728,141656064,2841485312,94916608
1351604283.059,8.715,14.214,72.596,0.075,0,4.399,0,908765.867,2603173.933,68932070.967,0,0,35260.867,121.867,110477312,141664256,2843320320,93773824
1351604313.059,8.574,14.401,72.596,0.108,0,4.32,0,907946.667,2609381.933,4220897674.333,0,0,35307.233,120.067,110686208,141701120,2844868608,91979776
1351604343.063,8.615,14.289,72.792,0.083,0,4.22,0,913134.933,2610125.133,69116612.967,0,0,35282.4,121.2,110755840,141713408,2842374144,94392320
1351604373.063,8.455,14.266,72.6,0.1,0,4.581,0,909994.667,2613995.233,4221019261.067,0,0,35343.933,118.867,110243840,141742080,2843840512,93409280
1351604403.063,9.714,14.422,71.081,0.191,0,4.591,7645.867,905079.467,2589257.933,68564092.967,0,0,35175.6,127.7,119271424,141758464,2833965056,94240768
1351604433.062,8.854,14.463,72.089,0.101,0.008,4.486,0,928563.2,2588603.733,4220349351.667,0,0,35129.167,129.967,110419968,141877248,2843308032,93630464
1351604463.063,8.485,14.471,72.598,0.092,0,4.355,0,907400.533,2606106.333,69007477.967,0,0,35285.133,123.7,111157248,141893632,2842062848,94121984
1351604493.059,8.499,14.309,72.684,0.075,0,4.432,0,913408,2622163.433,4221236409.267,0,0,35407.167,117.867,110563328,141852672,2845196288,91623424
1351604523.063,8.633,14.125,72.588,0.075,0,4.578,0,912452.267,2615610.367,69261520.533,0,0,35355.833,123.767,111144960,141873152,2842087424,94130176
1351604553.062,8.33,14.552,72.436,0.083,0,4.598,0,910677.333,2611730.3,4220960437.633,0,0,35324.5,117.1,110444544,141897728,2845523968,91369472
1351604583.062,8.594,14.206,72.787,0.092,0,4.322,0,910131.2,2607746.1,69053082.233,0,0,35290.667,120.567,110899200,141918208,2843303936,93114368
1351604613.063,8.54,14.361,72.643,0.091,0,4.366,0,909585.067,2603371.033,4220739351.533,0,0,35258.767,121.2,111718400,141934592,2841309184,94273536
1351604643.063,8.598,14.431,72.446,0.092,0,4.433,0,909448.533,2609022,69087143.833,0,0,35289.267,125.833,111104000,141967360,2842906624,93257728
1351604673.062,8.553,14.324,72.627,0.092,0,4.405,0,912861.867,2619538,4221166474.6,0,0,35378.5,123.833,111730688,141983744,2840866816,94654464
1351604703.063,8.424,14.319,72.631,0.091,0,4.535,0,908492.8,2602773.4,68921200.833,0,0,35258.5,122.767,111075328,142004224,2841899008,94257152
1351604733.059,8.646,14.246,72.605,0.092,0,4.41,0,911360,2616571.233,4221088995.267,0,0,35349.5,120.4,110915584,142032896,2843918336,92368896
1351604763.062,8.174,14.543,72.651,0.083,0,4.548,0,907537.067,2599926.8,68845616.433,0,0,35226.2,119.5,111235072,142049280,2841313280,94638080
1351604793.063,8.43,14.656,72.365,0.084,0.008,4.458,0,909721.6,2610902.1,4220938524.9,0,0,35312.267,118.633,111013888,142094336,2841600000,94527488
1351604823.063,8.331,14.537,72.917,0.083,0,4.132,0,911906.133,2612312.467,69173829.3,0,0,35324.467,122.033,110235648,142110720,2843488256,93401088
1351604853.063,8.423,14.127,72.724,0.133,0.008,4.585,0,907264,2603217.867,4220734727.6,0,0,35213.133,119.167,111288320,142139392,2842169344,93638656
1351604883.062,8.483,14.402,72.652,0.075,0,4.387,0,910813.867,2608000.8,69059789.467,0,0,35285.2,122.5,110546944,142172160,2844901376,91615232
1351604913.059,8.689,14.404,72.373,0.101,0,4.433,0,907810.133,2601906.333,4220699584.433,0,0,35240.767,121.9,110350336,142188544,2843930624,92766208
1351604943.062,8.501,14.091,72.753,0.091,0,4.565,0,909858.133,2615622.867,69262277.967,0,0,35339.7,123.933,110333952,142213120,2845200384,91488256
1351604973.062,8.494,14.399,72.677,0.083,0,4.347,0,912315.733,2614324.633,4221029131.3,0,0,35321.567,120.867,110657536,142233600,2841800704,94543872
1351605003.062,9.534,14.343,71.056,0.3,0,4.767,3140.267,912452.267,2611345.833,69148988.867,0,0,35331.2,130.5,118333440,142258176,2836799488,91844608
1351605033.059,8.648,14.475,71.913,0.251,0.008,4.705,13107.2,936755.2,2599698.7,68838832.233,0,0,35196.167,130.5,110182400,142364672,2843287552,93401088
1351605063.059,8.534,14.347,72.649,0.091,0,4.379,0,910950.4,2609511.633,4220901813.467,0,0,35311.567,123.767,110796800,142311424,2841473024,94654464
1351605093.059,8.408,14.436,72.556,0.075,0,4.525,0,969523.2,2607965.933,69058867.433,0,0,35297.433,119.4,110510080,142344192,2843496448,92884992
1351605123.062,8.392,14.369,72.566,0.083,0,4.59,0,908356.267,2601861.633,4220698624.5,0,0,35231.7,122.3,110542848,142372864,2845196288,91123712
1351605153.063,8.365,14.753,72.263,0.158,0,4.461,546.133,928699.733,2609839.7,69108954.2,0,0,35310.7,162.433,110505984,142434304,2843045888,93249536
1351605183.063,8.465,14.458,72.465,0.092,0,4.52,0,916002.133,4154418603.867,4221096512.667,0,0,35362,125.867,110415872,142417920,2844532736,91869184
1351605213.062,8.638,14.355,72.584,0.092,0.008,4.323,0,911906.133,2612519.433,69178288.833,0,0,35324.2,124.033,110436352,142438400,2842857472,93503488
1351605243.063,8.556,14.313,72.493,0.109,0,4.529,273.067,910950.4,2608959.4,4220887748.833,0,0,35279.7,125.4,110911488,142479360,2844229632,91615232
1351605273.062,8.674,14.143,72.483,0.1,0.008,4.592,0,912042.667,2611458.767,69151599.433,0,0,35307.367,123.633,111108096,142475264,2840989696,94662656
1351605303.059,8.539,14.189,72.67,0.141,0.008,4.452,136.533,911223.467,2610177.067,4220919268.933,0,0,35296.633,123.333,110678016,140455936,2844446720,93655040
1351605333.062,8.498,14.15,72.933,0.091,0,4.328,0,911360,2613656.933,69208903.433,0,0,35329.8,117.8,110415872,136224768,2851487744,91107328
1351605363.062,8.432,14.237,72.732,0.15,0,4.449,0,901802.667,2607943.433,4220859457,0,0,35246.267,126.233,110354432,136232960,2848079872,94568448
1351605393.062,8.612,14.329,72.484,0.101,0,4.474,0,911496.533,2610594.533,69129263.433,0,0,35303.033,119.867,111058944,136269824,2850275328,91631616
1351605423.062,7.325,12.623,75.928,0.184,0.008,3.931,14472.533,866440.533,2265528.733,4211792727.333,0,0,30633.467,114.933,110772224,136273920,2848669696,93519872
1351605453.062,0,0.008,99.992,0,0,0,0,1911.467,49.4,7,0,0,19.567,8.033,110764032,136282112,2848669696,93519872
1351605483.062,0,0.008,99.992,0,0,0,0,546.133,42.2,8.4,0,0,21.433,10.6,110755840,136290304,2848669696,93519872
1351605513.059,1.898,3.227,93.835,0.025,0,1.015,136.533,142813.867,581488.733,15393728.1,0,0,7907.9,94,110403584,136318976,2850729984,91783168
1351605543.063,8.451,14.143,72.883,0.083,0.008,4.432,0,907264,2604519.367,68967659.133,0,0,35259.1,123.933,109744128,136335360,2849665024,93491200
1351605573.059,8.397,14.456,72.645,0.083,0,4.419,0,909994.667,2606579.467,4220823883.467,0,0,35279.567,120.4,110333952,136359936,2850447360,92094464
1351605603.062,9.402,14.538,71.242,0.075,0,4.743,0,912452.267,2614631.4,69236035.667,0,0,35365.3,128.767,117972992,136372224,2840612864,94277632
1351605633.059,8.987,14.114,72.327,0.091,0,4.481,0,930065.067,2607685.1,4220852054.867,0,0,35298.267,130.7,110682112,136478720,2849669120,92405760
1351605663.059,8.404,14.589,72.177,0.084,0,4.746,136.533,909585.067,2606757.067,69027185.6,0,0,35283.967,121,110882816,136413184,2847883264,94056448
1351605693.062,8.476,14.371,72.481,0.083,0,4.588,0,911086.933,2611480.067,4220953450.3,0,0,35336.967,122.433,110542848,136429568,2849402880,92860416
1351605723.062,8.374,14.484,72.546,0.1,0.008,4.487,0,910267.733,2607721.733,69052092.2,0,0,35301.167,121.7,110694400,136454144,2849718272,92368896
1351605753.059,8.398,14.576,72.686,0.083,0,4.257,0,910950.4,2614230.167,4221026677,0,0,35358.433,120.467,110280704,136462336,2848432128,94060544
1351605783.063,8.687,14.002,72.727,0.066,0,4.518,0,915319.467,2622809.3,69451689.9,0,0,35418.9,122.767,110026752,136491008,2850562048,92155904
1351605813.062,8.547,14.253,72.53,0.099,0,4.571,136.533,908902.4,2603048.1,4220730281.233,0,0,35239.4,121.333,109899776,136519680,2851074048,91742208
1351605843.063,8.225,14.486,72.403,0.35,0,4.537,210261.333,898389.333,2575022.633,68187120.7,0,0,34929.933,179.7,109973504,136519680,2847965184,94777344
1351605873.062,8.553,14.411,72.497,0.075,0,4.464,0,910813.867,2610071.167,4220916298,0,0,35319.533,124.333,110219264,136540160,2849730560,92745728
1351605903.062,8.246,14.795,72.164,0.067,0.008,4.72,0,910131.2,2608014.533,69060085.9,0,0,35320.667,121.133,110616576,136564736,2848489472,93564928
1351605933.062,8.276,14.555,72.606,0.083,0,4.48,0,912861.867,2615868.6,4221069456.767,0,0,35360.4,119.1,110755840,136593408,2850353152,91533312
1351605963.059,8.54,14.238,72.507,0.175,0,4.541,44373.333,830532.267,2586408.1,68488474.7,0,0,35086.2,135.733,110444544,136626176,2849980416,92184576
1351605993.059,8.637,14.195,72.72,0.083,0,4.365,3140.267,906444.8,2602756.533,4220721989.5,0,0,35257,118.9,110379008,136634368,2847457280,94765056
1351606023.063,8.51,14.255,72.711,0.083,0,4.442,0,907537.067,2602128.9,68903878.433,0,0,35267.033,123.867,110825472,136658944,2848907264,92844032
1351606053.062,8.581,14.087,72.813,0.091,0,4.427,0,912179.2,2614600.5,69235135.467,0,0,35356.033,119.833,110542848,136675328,2847600640,94416896
1351606083.059,8.528,14.331,72.4,0.075,0,4.666,0,911769.6,2615535.733,4221060861.9,0,0,35365.5,122.1,110141440,136704000,2849607680,92782592
1351606113.062,8.346,14.365,72.533,0.133,0,4.622,409.6,911496.533,2612914.233,69190412.633,0,0,35324.767,121.733,110419968,136716288,2848395264,93704192
1351606143.062,8.463,14.609,72.504,0.092,0,4.332,0,911496.533,2608955.033,4220886072.733,0,0,35321.033,124.267,110329856,136740864,2850459648,91705344
1351606173.063,8.567,13.924,72.862,0.05,0.008,4.589,0,908356.267,2608159.567,69063768.2,0,0,35294.233,118.667,109899776,136757248,2851475456,91103232
1351606203.062,9.507,14.561,71.07,0.15,0,4.712,7099.733,908902.4,2606235.9,4220814603.9,0,0,35302.433,129.5,118501376,136667136,2841812992,92254208
1351606233.062,8.896,14.475,71.721,0.092,0,4.817,0,933888,2604140.867,68957020.233,0,0,35246.6,127.1,109969408,136757248,2847936512,94572544
1351606263.063,8.591,14.108,72.665,0.141,0,4.495,136.533,908219.733,2603792.5,4220750519.367,0,0,35264.533,125.767,110157824,136777728,2849378304,92921856
1351606293.062,8.504,14.177,72.723,0.083,0.008,4.505,0,911223.467,2612857.4,69187946.3,0,0,35342.267,120.633,110727168,136802304,2847059968,94646272
1351606323.059,8.573,14.37,72.293,0.084,0,4.681,0,913271.467,2619577.333,4221168349.167,0,0,35392.533,119.833,109613056,136810496,2850086912,92725248
1351606353.062,8.443,14.314,72.591,0.083,0,4.57,0,911496.533,2612146.067,69169418.9,0,0,35337.433,120.233,110088192,136826880,2847989760,94330880
1351606383.063,8.493,14.349,72.645,0.083,0,4.43,0,909312,2608264.6,4220869006.267,0,0,35306.867,122.133,109281280,136847360,2849918976,93188096
1351606413.063,8.588,14.189,72.723,0.116,0,4.385,136.533,906854.4,2601165.3,68877811.433,0,0,35227.433,121.7,110456832,136871936,2846846976,95059968
1351606443.059,8.56,14.348,72.465,0.092,0,4.535,0,907537.067,2601125.967,4220679622.7,0,0,35238.967,123.567,109551616,136900608,2848022528,94760960
1351606473.059,8.5,14.214,72.569,0.091,0,4.624,0,909038.933,2605117.6,68982492.1,0,0,35269.3,124.3,109293568,136925184,2849923072,93093888
1351606503.059,8.525,14.255,72.63,0.091,0,4.499,0,908083.2,2603407.133,4220741200.9,0,0,35262.3,126.1,110125056,136941568,2847535104,94633984
1351606533.063,8.16,14.786,72.414,0.101,0,4.541,0,909721.6,2608628.067,69075316.467,0,0,35307.633,114.7,109084672,136970240,2849452032,93728768
1351606563.059,8.554,14.204,72.667,0.091,0.008,4.476,136.533,904942.933,2593401.5,4220474834.333,0,0,35187.367,124.233,110243840,136978432,2847363072,94650368
1351606593.062,8.649,14.357,72.644,0.108,0,4.241,0,910404.267,2612857.467,69187762.9,0,0,35334.933,117.567,108933120,137003008,2850029568,93270016
1351606623.059,8.433,14.334,72.521,0.083,0,4.628,0,908629.333,2604614.033,4220771747.967,0,0,35272.4,124.7,109944832,137023488,2851164160,91103232
1351606653.059,8.132,14.688,72.516,0.092,0,4.571,0,910540.8,2603839.533,68949409.667,0,0,35249.067,119.4,109940736,137039872,2848501760,93753344
1351606683.063,8.264,14.735,72.373,0.108,0,4.52,0,906581.333,2599479.167,4220636831.567,0,0,35230.733,122.5,109314048,137060352,2850496512,92364800
1351606713.062,8.488,14.29,72.749,0.1,0,4.373,136.533,905079.467,2595025.233,68715581.6,0,0,35203.433,116.433,109568000,137072640,2848976896,93618176
1351606743.059,8.557,14.392,72.524,0.108,0,4.42,0,910267.733,2609445.7,4220900588.567,0,0,35319.033,120.4,109568000,137109504,2851336192,91222016
1351606773.059,8.645,14.321,72.599,0.075,0,4.36,0,911633.067,2614630.467,69234293.8,0,0,35359.767,117.767,109248512,137043968,2848292864,94650368
1351606803.059,9.548,14.364,71.272,0.133,0.008,4.675,273.067,910813.867,2609199.8,4220893770.233,0,0,35311.433,128.567,117751808,137048064,2841493504,92942336
1351606833.059,8.92,14.336,72.146,0.117,0,4.481,136.533,932522.667,2603614.6,68942033.967,0,0,35250.5,124.367,110133248,137146368,2847694848,94261248
1351606863.063,8.645,14.248,72.635,0.108,0,4.364,0,910267.733,2612641,4220985209.567,0,0,35341.467,121.7,109740032,137166848,2850607104,91721728
1351606893.059,8.426,14.56,72.589,0.083,0,4.342,0,910404.267,2607320.033,69040830.233,0,0,35296.033,118.7,110104576,137138176,2847318016,94674944
1351606923.063,8.701,14.19,72.515,0.084,0,4.51,0,908356.267,4154405164.9,68940092.433,0,0,35264.033,122.7,110067712,137158656,2848874496,93134848
1351606953.062,8.453,14.849,72.045,0.124,0,4.529,409.6,990003.2,2603313.167,4220737107.1,0,0,35269.4,159.367,109105152,137232384,1977192448,965705728
1351606983.062,8.418,14.445,72.497,0.116,0,4.524,136.533,907673.6,2599485.367,68833161.067,0,0,35233.733,124.633,108994560,137310208,2004127744,938803200
1351607013.059,8.548,14.46,72.189,0.084,0,4.719,0,906581.333,2602672.133,4220720244.567,0,0,35259.633,118.3,108879872,137388032,2031099904,911867904
1351607043.063,8.437,14.214,72.552,0.083,0,4.713,0,906581.333,2598146.4,68799205.967,0,0,35218.133,120.1,109568000,137449472,2058014720,884203520
1351607073.063,8.567,14.167,72.717,0.149,0.008,4.391,0,909858.133,2610091.5,4220917083.433,0,0,35311.067,122.5,108875776,137519104,2085031936,857808896
1351607103.063,8.335,14.561,72.594,0.084,0,4.427,0,909448.533,2605894.433,69004496.767,0,0,35244.833,123.967,109494272,137596928,2112032768,830111744
1351607133.063,8.509,14.42,72.55,0.125,0,4.396,136.533,908219.733,2603478.867,4220741432.533,0,0,35255.733,118.467,108888064,137670656,2139009024,803667968
1351607163.063,8.408,14.61,72.469,0.092,0.008,4.412,0,909312,2605921.967,69004996.167,0,0,35285.867,120.6,109314048,137748480,2166026240,776146944
1351607193.063,8.431,14.28,72.706,0.083,0,4.501,0,910950.4,2612750.833,4220987101.733,0,0,35344.067,120.9,108978176,137822208,2193080320,749355008
1351607223.059,8.614,14.314,72.493,0.1,0,4.478,0,908356.267,2604417.667,68964400.967,0,0,35278.167,120.9,109105152,137900032,2220048384,722182144
1351607253.062,8.326,14.554,72.538,0.117,0,4.464,0,906444.8,2600799.733,4220671333.867,0,0,35261.8,120.8,109256704,137961472,2247008256,695009280
1351607283.059,8.634,14.13,72.623,0.083,0.008,4.521,136.533,909038.933,2604996.567,68980349.467,0,0,35274.5,124.867,109219840,138039296,2274013184,667963392
1351607313.059,8.179,14.495,72.69,0.091,0,4.545,0,904942.933,2593275.367,4220471709.667,0,0,35184.867,117.9,109051904,138117120,2300641280,641425408
1351607343.063,8.539,14.199,72.684,0.092,0,4.486,0,906035.2,2596968.5,68767142.5,0,0,35217.2,123.033,108687360,138186752,2327982080,614379520
1351607373.063,8.606,14.238,72.569,0.092,0,4.495,0,906581.333,2599235.533,4220629551.367,0,0,35235.3,120.5,109199360,138264576,2354692096,587079680
1351607403.059,8.585,12.778,74.56,0.099,0,3.978,0,890197.333,2309939.967,61166732.867,0,0,31324.667,122.5,110821376,138391552,2378649600,561373184
1351607433.063,0.008,0.008,99.983,0,0,0,0,4915.2,44.4,8.4,0,0,22.1,9,110678016,138416128,2378719232,561422336
1351607463.062,0,0.008,99.992,0,0,0,0,3686.4,40.2,8.4,0,0,22.7,9.9,110669824,138424320,2378719232,561422336
1351607493.062,0,0.008,99.992,0,0,0,0,682.667,38.2,7,0,0,20.733,8.967,109764608,138432512,2378719232,562319360
1351607523.062,0,0.008,99.992,0,0,0,0,546.133,42.2,8.4,0,0,20.133,8.233,109248512,138440704,2378719232,562827264
1351607553.062,0,0,100,0,0,0,0,682.667,42.4,7,0,0,20.633,10.067,109240320,138448896,2378719232,562827264
